event_id,group_id,family_id,event_time,published_at,observed_at,decision_at,label_available_at,signal,horizon_hours,market_probability,outcome,text,synthetic
toy-0000,toy-0000,invented-recurring,2025-01-01T18:00:00+00:00,2025-01-01T05:50:00+00:00,2025-01-01T05:58:00+00:00,2025-01-01T06:00:00+00:00,2025-01-02T06:00:00+00:00,1.767402,12.0,0.771778,1,synthetic bulletin reports improving conditions with 12 hours remaining,True
toy-0000,toy-0000,invented-recurring,2025-01-01T18:00:00+00:00,2025-01-01T14:50:00+00:00,2025-01-01T14:58:00+00:00,2025-01-01T15:00:00+00:00,2025-01-02T06:00:00+00:00,1.037844,3.0,0.538248,1,synthetic bulletin reports improving conditions with 3 hours remaining,True
toy-0001,toy-0001,invented-recurring,2025-01-02T18:00:00+00:00,2025-01-02T05:50:00+00:00,2025-01-02T05:58:00+00:00,2025-01-02T06:00:00+00:00,2025-01-03T06:00:00+00:00,1.140451,12.0,0.654599,1,synthetic bulletin reports improving conditions with 12 hours remaining,True
toy-0001,toy-0001,invented-recurring,2025-01-02T18:00:00+00:00,2025-01-02T14:50:00+00:00,2025-01-02T14:58:00+00:00,2025-01-02T15:00:00+00:00,2025-01-03T06:00:00+00:00,0.734827,3.0,0.480996,1,synthetic bulletin reports improving conditions with 3 hours remaining,True
toy-0002,toy-0002,invented-recurring,2025-01-03T18:00:00+00:00,2025-01-03T05:50:00+00:00,2025-01-03T05:58:00+00:00,2025-01-03T06:00:00+00:00,2025-01-04T06:00:00+00:00,-0.434949,12.0,0.406491,1,synthetic bulletin reports weakening conditions with 12 hours remaining,True
toy-0002,toy-0002,invented-recurring,2025-01-03T18:00:00+00:00,2025-01-03T14:50:00+00:00,2025-01-03T14:58:00+00:00,2025-01-03T15:00:00+00:00,2025-01-04T06:00:00+00:00,-0.203682,3.0,0.514933,1,synthetic bulletin reports mixed conditions with 3 hours remaining,True
toy-0003,toy-0003,invented-recurring,2025-01-04T18:00:00+00:00,2025-01-04T05:50:00+00:00,2025-01-04T05:58:00+00:00,2025-01-04T06:00:00+00:00,2025-01-05T06:00:00+00:00,-0.541338,12.0,0.353497,0,synthetic bulletin reports weakening conditions with 12 hours remaining,True
toy-0003,toy-0003,invented-recurring,2025-01-04T18:00:00+00:00,2025-01-04T14:50:00+00:00,2025-01-04T14:58:00+00:00,2025-01-04T15:00:00+00:00,2025-01-05T06:00:00+00:00,-0.353317,3.0,0.421045,0,synthetic bulletin reports weakening conditions with 3 hours remaining,True
toy-0004,toy-0004,invented-recurring,2025-01-05T18:00:00+00:00,2025-01-05T05:50:00+00:00,2025-01-05T05:58:00+00:00,2025-01-05T06:00:00+00:00,2025-01-06T06:00:00+00:00,-0.507797,12.0,0.383401,1,synthetic bulletin reports weakening conditions with 12 hours remaining,True
toy-0004,toy-0004,invented-recurring,2025-01-05T18:00:00+00:00,2025-01-05T14:50:00+00:00,2025-01-05T14:58:00+00:00,2025-01-05T15:00:00+00:00,2025-01-06T06:00:00+00:00,0.251232,3.0,0.526567,1,synthetic bulletin reports mixed conditions with 3 hours remaining,True
toy-0005,toy-0005,invented-recurring,2025-01-06T18:00:00+00:00,2025-01-06T05:50:00+00:00,2025-01-06T05:58:00+00:00,2025-01-06T06:00:00+00:00,2025-01-07T06:00:00+00:00,-0.499469,12.0,0.624367,0,synthetic bulletin reports weakening conditions with 12 hours remaining,True
toy-0005,toy-0005,invented-recurring,2025-01-06T18:00:00+00:00,2025-01-06T14:50:00+00:00,2025-01-06T14:58:00+00:00,2025-01-06T15:00:00+00:00,2025-01-07T06:00:00+00:00,-0.276854,3.0,0.534845,0,synthetic bulletin reports mixed conditions with 3 hours remaining,True
toy-0006,toy-0006,invented-recurring,2025-01-07T18:00:00+00:00,2025-01-07T05:50:00+00:00,2025-01-07T05:58:00+00:00,2025-01-07T06:00:00+00:00,2025-01-08T06:00:00+00:00,0.858865,12.0,0.570378,1,synthetic bulletin reports improving conditions with 12 hours remaining,True
toy-0006,toy-0006,invented-recurring,2025-01-07T18:00:00+00:00,2025-01-07T14:50:00+00:00,2025-01-07T14:58:00+00:00,2025-01-07T15:00:00+00:00,2025-01-08T06:00:00+00:00,-0.233598,3.0,0.400785,1,synthetic bulletin reports mixed conditions with 3 hours remaining,True
toy-0007,toy-0007,invented-recurring,2025-01-08T18:00:00+00:00,2025-01-08T05:50:00+00:00,2025-01-08T05:58:00+00:00,2025-01-08T06:00:00+00:00,2025-01-09T06:00:00+00:00,1.582649,12.0,0.590966,0,synthetic bulletin reports improving conditions with 12 hours remaining,True
toy-0007,toy-0007,invented-recurring,2025-01-08T18:00:00+00:00,2025-01-08T14:50:00+00:00,2025-01-08T14:58:00+00:00,2025-01-08T15:00:00+00:00,2025-01-09T06:00:00+00:00,1.881862,3.0,0.728241,0,synthetic bulletin reports improving conditions with 3 hours remaining,True
toy-0008,toy-0008,invented-recurring,2025-01-09T18:00:00+00:00,2025-01-09T05:50:00+00:00,2025-01-09T05:58:00+00:00,2025-01-09T06:00:00+00:00,2025-01-10T06:00:00+00:00,-0.208391,12.0,0.469476,0,synthetic bulletin reports mixed conditions with 12 hours remaining,True
toy-0008,toy-0008,invented-recurring,2025-01-09T18:00:00+00:00,2025-01-09T14:50:00+00:00,2025-01-09T14:58:00+00:00,2025-01-09T15:00:00+00:00,2025-01-10T06:00:00+00:00,0.920576,3.0,0.712355,0,synthetic bulletin reports improving conditions with 3 hours remaining,True
toy-0009,toy-0009,invented-recurring,2025-01-10T18:00:00+00:00,2025-01-10T05:50:00+00:00,2025-01-10T05:58:00+00:00,2025-01-10T06:00:00+00:00,2025-01-11T06:00:00+00:00,-1.118326,12.0,0.316547,0,synthetic bulletin reports weakening conditions with 12 hours remaining,True
toy-0009,toy-0009,invented-recurring,2025-01-10T18:00:00+00:00,2025-01-10T14:50:00+00:00,2025-01-10T14:58:00+00:00,2025-01-10T15:00:00+00:00,2025-01-11T06:00:00+00:00,-0.104551,3.0,0.360122,0,synthetic bulletin reports mixed conditions with 3 hours remaining,True
toy-0010,toy-0010,invented-recurring,2025-01-11T18:00:00+00:00,2025-01-11T05:50:00+00:00,2025-01-11T05:58:00+00:00,2025-01-11T06:00:00+00:00,2025-01-12T06:00:00+00:00,0.339661,12.0,0.611702,1,synthetic bulletin reports improving conditions with 12 hours remaining,True
toy-0010,toy-0010,invented-recurring,2025-01-11T18:00:00+00:00,2025-01-11T14:50:00+00:00,2025-01-11T14:58:00+00:00,2025-01-11T15:00:00+00:00,2025-01-12T06:00:00+00:00,-0.627048,3.0,0.384922,1,synthetic bulletin reports weakening conditions with 3 hours remaining,True
toy-0011,toy-0011,invented-recurring,2025-01-12T18:00:00+00:00,2025-01-12T05:50:00+00:00,2025-01-12T05:58:00+00:00,2025-01-12T06:00:00+00:00,2025-01-13T06:00:00+00:00,-1.955167,12.0,0.358253,0,synthetic bulletin reports weakening conditions with 12 hours remaining,True
toy-0011,toy-0011,invented-recurring,2025-01-12T18:00:00+00:00,2025-01-12T14:50:00+00:00,2025-01-12T14:58:00+00:00,2025-01-12T15:00:00+00:00,2025-01-13T06:00:00+00:00,-2.092962,3.0,0.237832,0,synthetic bulletin reports weakening conditions with 3 hours remaining,True
toy-0012,toy-0012,invented-recurring,2025-01-13T18:00:00+00:00,2025-01-13T05:50:00+00:00,2025-01-13T05:58:00+00:00,2025-01-13T06:00:00+00:00,2025-01-14T06:00:00+00:00,0.332802,12.0,0.523809,0,synthetic bulletin reports improving conditions with 12 hours remaining,True
toy-0012,toy-0012,invented-recurring,2025-01-13T18:00:00+00:00,2025-01-13T14:50:00+00:00,2025-01-13T14:58:00+00:00,2025-01-13T15:00:00+00:00,2025-01-14T06:00:00+00:00,0.335661,3.0,0.562928,0,synthetic bulletin reports improving conditions with 3 hours remaining,True
toy-0013,toy-0013,invented-recurring,2025-01-14T18:00:00+00:00,2025-01-14T05:50:00+00:00,2025-01-14T05:58:00+00:00,2025-01-14T06:00:00+00:00,2025-01-15T06:00:00+00:00,-1.585225,12.0,0.30295,0,synthetic bulletin reports weakening conditions with 12 hours remaining,True
toy-0013,toy-0013,invented-recurring,2025-01-14T18:00:00+00:00,2025-01-14T14:50:00+00:00,2025-01-14T14:58:00+00:00,2025-01-14T15:00:00+00:00,2025-01-15T06:00:00+00:00,0.434717,3.0,0.558536,0,synthetic bulletin reports improving conditions with 3 hours remaining,True
toy-0014,toy-0014,invented-recurring,2025-01-15T18:00:00+00:00,2025-01-15T05:50:00+00:00,2025-01-15T05:58:00+00:00,2025-01-15T06:00:00+00:00,2025-01-16T06:00:00+00:00,0.970729,12.0,0.735341,1,synthetic bulletin reports improving conditions with 12 hours remaining,True
toy-0014,toy-0014,invented-recurring,2025-01-15T18:00:00+00:00,2025-01-15T14:50:00+00:00,2025-01-15T14:58:00+00:00,2025-01-15T15:00:00+00:00,2025-01-16T06:00:00+00:00,0.481321,3.0,0.555938,1,synthetic bulletin reports improving conditions with 3 hours remaining,True
toy-0015,toy-0015,invented-recurring,2025-01-16T18:00:00+00:00,2025-01-16T05:50:00+00:00,2025-01-16T05:58:00+00:00,2025-01-16T06:00:00+00:00,2025-01-17T06:00:00+00:00,-1.701066,12.0,0.406625,0,synthetic bulletin reports weakening conditions with 12 hours remaining,True
toy-0015,toy-0015,invented-recurring,2025-01-16T18:00:00+00:00,2025-01-16T14:50:00+00:00,2025-01-16T14:58:00+00:00,2025-01-16T15:00:00+00:00,2025-01-17T06:00:00+00:00,-0.396656,3.0,0.518337,0,synthetic bulletin reports weakening conditions with 3 hours remaining,True
toy-0016,toy-0016,invented-recurring,2025-01-17T18:00:00+00:00,2025-01-17T05:50:00+00:00,2025-01-17T05:58:00+00:00,2025-01-17T06:00:00+00:00,2025-01-18T06:00:00+00:00,-0.640643,12.0,0.478931,0,synthetic bulletin reports weakening conditions with 12 hours remaining,True
toy-0016,toy-0016,invented-recurring,2025-01-17T18:00:00+00:00,2025-01-17T14:50:00+00:00,2025-01-17T14:58:00+00:00,2025-01-17T15:00:00+00:00,2025-01-18T06:00:00+00:00,0.29943,3.0,0.558795,0,synthetic bulletin reports mixed conditions with 3 hours remaining,True
toy-0017,toy-0017,invented-recurring,2025-01-18T18:00:00+00:00,2025-01-18T05:50:00+00:00,2025-01-18T05:58:00+00:00,2025-01-18T06:00:00+00:00,2025-01-19T06:00:00+00:00,-1.666941,12.0,0.328383,1,synthetic bulletin reports weakening conditions with 12 hours remaining,True
toy-0017,toy-0017,invented-recurring,2025-01-18T18:00:00+00:00,2025-01-18T14:50:00+00:00,2025-01-18T14:58:00+00:00,2025-01-18T15:00:00+00:00,2025-01-19T06:00:00+00:00,-1.582035,3.0,0.429311,1,synthetic bulletin reports weakening conditions with 3 hours remaining,True
toy-0018,toy-0018,invented-recurring,2025-01-19T18:00:00+00:00,2025-01-19T05:50:00+00:00,2025-01-19T05:58:00+00:00,2025-01-19T06:00:00+00:00,2025-01-20T06:00:00+00:00,-0.666567,12.0,0.401854,0,synthetic bulletin reports weakening conditions with 12 hours remaining,True
toy-0018,toy-0018,invented-recurring,2025-01-19T18:00:00+00:00,2025-01-19T14:50:00+00:00,2025-01-19T14:58:00+00:00,2025-01-19T15:00:00+00:00,2025-01-20T06:00:00+00:00,-0.757194,3.0,0.446843,0,synthetic bulletin reports weakening conditions with 3 hours remaining,True
toy-0019,toy-0019,invented-recurring,2025-01-20T18:00:00+00:00,2025-01-20T05:50:00+00:00,2025-01-20T05:58:00+00:00,2025-01-20T06:00:00+00:00,2025-01-21T06:00:00+00:00,0.611951,12.0,0.431566,0,synthetic bulletin reports improving conditions with 12 hours remaining,True
toy-0019,toy-0019,invented-recurring,2025-01-20T18:00:00+00:00,2025-01-20T14:50:00+00:00,2025-01-20T14:58:00+00:00,2025-01-20T15:00:00+00:00,2025-01-21T06:00:00+00:00,0.333412,3.0,0.595537,0,synthetic bulletin reports improving conditions with 3 hours remaining,True
toy-0020,toy-0020,invented-recurring,2025-01-21T18:00:00+00:00,2025-01-21T05:50:00+00:00,2025-01-21T05:58:00+00:00,2025-01-21T06:00:00+00:00,2025-01-22T06:00:00+00:00,1.372965,12.0,0.644653,1,synthetic bulletin reports improving conditions with 12 hours remaining,True
toy-0020,toy-0020,invented-recurring,2025-01-21T18:00:00+00:00,2025-01-21T14:50:00+00:00,2025-01-21T14:58:00+00:00,2025-01-21T15:00:00+00:00,2025-01-22T06:00:00+00:00,0.998957,3.0,0.607083,1,synthetic bulletin reports improving conditions with 3 hours remaining,True
toy-0021,toy-0021,invented-recurring,2025-01-22T18:00:00+00:00,2025-01-22T05:50:00+00:00,2025-01-22T05:58:00+00:00,2025-01-22T06:00:00+00:00,2025-01-23T06:00:00+00:00,-0.657672,12.0,0.365588,0,synthetic bulletin reports weakening conditions with 12 hours remaining,True
toy-0021,toy-0021,invented-recurring,2025-01-22T18:00:00+00:00,2025-01-22T14:50:00+00:00,2025-01-22T14:58:00+00:00,2025-01-22T15:00:00+00:00,2025-01-23T06:00:00+00:00,-0.58934,3.0,0.36596,0,synthetic bulletin reports weakening conditions with 3 hours remaining,True
toy-0022,toy-0022,invented-recurring,2025-01-23T18:00:00+00:00,2025-01-23T05:50:00+00:00,2025-01-23T05:58:00+00:00,2025-01-23T06:00:00+00:00,2025-01-24T06:00:00+00:00,-2.174719,12.0,0.294301,0,synthetic bulletin reports weakening conditions with 12 hours remaining,True
toy-0022,toy-0022,invented-recurring,2025-01-23T18:00:00+00:00,2025-01-23T14:50:00+00:00,2025-01-23T14:58:00+00:00,2025-01-23T15:00:00+00:00,2025-01-24T06:00:00+00:00,-1.932259,3.0,0.177556,0,synthetic bulletin reports weakening conditions with 3 hours remaining,True
toy-0023,toy-0023,invented-recurring,2025-01-24T18:00:00+00:00,2025-01-24T05:50:00+00:00,2025-01-24T05:58:00+00:00,2025-01-24T06:00:00+00:00,2025-01-25T06:00:00+00:00,1.754726,12.0,0.807961,1,synthetic bulletin reports improving conditions with 12 hours remaining,True
toy-0023,toy-0023,invented-recurring,2025-01-24T18:00:00+00:00,2025-01-24T14:50:00+00:00,2025-01-24T14:58:00+00:00,2025-01-24T15:00:00+00:00,2025-01-25T06:00:00+00:00,0.805393,3.0,0.583122,1,synthetic bulletin reports improving conditions with 3 hours remaining,True
toy-0024,toy-0024,invented-recurring,2025-01-25T18:00:00+00:00,2025-01-25T05:50:00+00:00,2025-01-25T05:58:00+00:00,2025-01-25T06:00:00+00:00,2025-01-26T06:00:00+00:00,2.484266,12.0,0.822669,0,synthetic bulletin reports improving conditions with 12 hours remaining,True
toy-0024,toy-0024,invented-recurring,2025-01-25T18:00:00+00:00,2025-01-25T14:50:00+00:00,2025-01-25T14:58:00+00:00,2025-01-25T15:00:00+00:00,2025-01-26T06:00:00+00:00,0.611462,3.0,0.528061,0,synthetic bulletin reports improving conditions with 3 hours remaining,True
toy-0025,toy-0025,invented-recurring,2025-01-26T18:00:00+00:00,2025-01-26T05:50:00+00:00,2025-01-26T05:58:00+00:00,2025-01-26T06:00:00+00:00,2025-01-27T06:00:00+00:00,1.01597,12.0,0.638824,0,synthetic bulletin reports improving conditions with 12 hours remaining,True
toy-0025,toy-0025,invented-recurring,2025-01-26T18:00:00+00:00,2025-01-26T14:50:00+00:00,2025-01-26T14:58:00+00:00,2025-01-26T15:00:00+00:00,2025-01-27T06:00:00+00:00,0.119064,3.0,0.539077,0,synthetic bulletin reports mixed conditions with 3 hours remaining,True
toy-0026,toy-0026,invented-recurring,2025-01-27T18:00:00+00:00,2025-01-27T05:50:00+00:00,2025-01-27T05:58:00+00:00,2025-01-27T06:00:00+00:00,2025-01-28T06:00:00+00:00,-0.386137,12.0,0.442695,0,synthetic bulletin reports weakening conditions with 12 hours remaining,True
toy-0026,toy-0026,invented-recurring,2025-01-27T18:00:00+00:00,2025-01-27T14:50:00+00:00,2025-01-27T14:58:00+00:00,2025-01-27T15:00:00+00:00,2025-01-28T06:00:00+00:00,-0.306416,3.0,0.519667,0,synthetic bulletin reports weakening conditions with 3 hours remaining,True
toy-0027,toy-0027,invented-recurring,2025-01-28T18:00:00+00:00,2025-01-28T05:50:00+00:00,2025-01-28T05:58:00+00:00,2025-01-28T06:00:00+00:00,2025-01-29T06:00:00+00:00,0.052299,12.0,0.57584,1,synthetic bulletin reports mixed conditions with 12 hours remaining,True
toy-0027,toy-0027,invented-recurring,2025-01-28T18:00:00+00:00,2025-01-28T14:50:00+00:00,2025-01-28T14:58:00+00:00,2025-01-28T15:00:00+00:00,2025-01-29T06:00:00+00:00,0.40444,3.0,0.455101,1,synthetic bulletin reports improving conditions with 3 hours remaining,True
toy-0028,toy-0028,invented-recurring,2025-01-29T18:00:00+00:00,2025-01-29T05:50:00+00:00,2025-01-29T05:58:00+00:00,2025-01-29T06:00:00+00:00,2025-01-30T06:00:00+00:00,-0.096113,12.0,0.58832,1,synthetic bulletin reports mixed conditions with 12 hours remaining,True
toy-0028,toy-0028,invented-recurring,2025-01-29T18:00:00+00:00,2025-01-29T14:50:00+00:00,2025-01-29T14:58:00+00:00,2025-01-29T15:00:00+00:00,2025-01-30T06:00:00+00:00,2.08011,3.0,0.777068,1,synthetic bulletin reports improving conditions with 3 hours remaining,True
toy-0029,toy-0029,invented-recurring,2025-01-30T18:00:00+00:00,2025-01-30T05:50:00+00:00,2025-01-30T05:58:00+00:00,2025-01-30T06:00:00+00:00,2025-01-31T06:00:00+00:00,0.51588,12.0,0.521901,1,synthetic bulletin reports improving conditions with 12 hours remaining,True
toy-0029,toy-0029,invented-recurring,2025-01-30T18:00:00+00:00,2025-01-30T14:50:00+00:00,2025-01-30T14:58:00+00:00,2025-01-30T15:00:00+00:00,2025-01-31T06:00:00+00:00,0.634665,3.0,0.539398,1,synthetic bulletin reports improving conditions with 3 hours remaining,True
toy-0030,toy-0030,invented-recurring,2025-01-31T18:00:00+00:00,2025-01-31T05:50:00+00:00,2025-01-31T05:58:00+00:00,2025-01-31T06:00:00+00:00,2025-02-01T06:00:00+00:00,-1.507265,12.0,0.359506,0,synthetic bulletin reports weakening conditions with 12 hours remaining,True
toy-0030,toy-0030,invented-recurring,2025-01-31T18:00:00+00:00,2025-01-31T14:50:00+00:00,2025-01-31T14:58:00+00:00,2025-01-31T15:00:00+00:00,2025-02-01T06:00:00+00:00,-0.645915,3.0,0.344478,0,synthetic bulletin reports weakening conditions with 3 hours remaining,True
toy-0031,toy-0031,invented-recurring,2025-02-01T18:00:00+00:00,2025-02-01T05:50:00+00:00,2025-02-01T05:58:00+00:00,2025-02-01T06:00:00+00:00,2025-02-02T06:00:00+00:00,-0.897984,12.0,0.330893,0,synthetic bulletin reports weakening conditions with 12 hours remaining,True
toy-0031,toy-0031,invented-recurring,2025-02-01T18:00:00+00:00,2025-02-01T14:50:00+00:00,2025-02-01T14:58:00+00:00,2025-02-01T15:00:00+00:00,2025-02-02T06:00:00+00:00,-0.698956,3.0,0.441411,0,synthetic bulletin reports weakening conditions with 3 hours remaining,True
toy-0032,toy-0032,invented-recurring,2025-02-02T18:00:00+00:00,2025-02-02T05:50:00+00:00,2025-02-02T05:58:00+00:00,2025-02-02T06:00:00+00:00,2025-02-03T06:00:00+00:00,0.921365,12.0,0.643553,0,synthetic bulletin reports improving conditions with 12 hours remaining,True
toy-0032,toy-0032,invented-recurring,2025-02-02T18:00:00+00:00,2025-02-02T14:50:00+00:00,2025-02-02T14:58:00+00:00,2025-02-02T15:00:00+00:00,2025-02-03T06:00:00+00:00,1.073174,3.0,0.714092,0,synthetic bulletin reports improving conditions with 3 hours remaining,True
toy-0033,toy-0033,invented-recurring,2025-02-03T18:00:00+00:00,2025-02-03T05:50:00+00:00,2025-02-03T05:58:00+00:00,2025-02-03T06:00:00+00:00,2025-02-04T06:00:00+00:00,-0.285666,12.0,0.467473,0,synthetic bulletin reports mixed conditions with 12 hours remaining,True
toy-0033,toy-0033,invented-recurring,2025-02-03T18:00:00+00:00,2025-02-03T14:50:00+00:00,2025-02-03T14:58:00+00:00,2025-02-03T15:00:00+00:00,2025-02-04T06:00:00+00:00,-0.003918,3.0,0.454945,0,synthetic bulletin reports mixed conditions with 3 hours remaining,True
toy-0034,toy-0034,invented-recurring,2025-02-04T18:00:00+00:00,2025-02-04T05:50:00+00:00,2025-02-04T05:58:00+00:00,2025-02-04T06:00:00+00:00,2025-02-05T06:00:00+00:00,1.883778,12.0,0.668357,1,synthetic bulletin reports improving conditions with 12 hours remaining,True
toy-0034,toy-0034,invented-recurring,2025-02-04T18:00:00+00:00,2025-02-04T14:50:00+00:00,2025-02-04T14:58:00+00:00,2025-02-04T15:00:00+00:00,2025-02-05T06:00:00+00:00,1.499486,3.0,0.665705,1,synthetic bulletin reports improving conditions with 3 hours remaining,True
toy-0035,toy-0035,invented-recurring,2025-02-05T18:00:00+00:00,2025-02-05T05:50:00+00:00,2025-02-05T05:58:00+00:00,2025-02-05T06:00:00+00:00,2025-02-06T06:00:00+00:00,-0.01443,12.0,0.438199,0,synthetic bulletin reports mixed conditions with 12 hours remaining,True
toy-0035,toy-0035,invented-recurring,2025-02-05T18:00:00+00:00,2025-02-05T14:50:00+00:00,2025-02-05T14:58:00+00:00,2025-02-05T15:00:00+00:00,2025-02-06T06:00:00+00:00,-0.744382,3.0,0.387838,0,synthetic bulletin reports weakening conditions with 3 hours remaining,True
toy-0036,toy-0036,invented-recurring,2025-02-06T18:00:00+00:00,2025-02-06T05:50:00+00:00,2025-02-06T05:58:00+00:00,2025-02-06T06:00:00+00:00,2025-02-07T06:00:00+00:00,0.085885,12.0,0.672633,1,synthetic bulletin reports mixed conditions with 12 hours remaining,True
toy-0036,toy-0036,invented-recurring,2025-02-06T18:00:00+00:00,2025-02-06T14:50:00+00:00,2025-02-06T14:58:00+00:00,2025-02-06T15:00:00+00:00,2025-02-07T06:00:00+00:00,1.012086,3.0,0.680335,1,synthetic bulletin reports improving conditions with 3 hours remaining,True
toy-0037,toy-0037,invented-recurring,2025-02-07T18:00:00+00:00,2025-02-07T05:50:00+00:00,2025-02-07T05:58:00+00:00,2025-02-07T06:00:00+00:00,2025-02-08T06:00:00+00:00,-0.27058,12.0,0.579609,1,synthetic bulletin reports mixed conditions with 12 hours remaining,True
toy-0037,toy-0037,invented-recurring,2025-02-07T18:00:00+00:00,2025-02-07T14:50:00+00:00,2025-02-07T14:58:00+00:00,2025-02-07T15:00:00+00:00,2025-02-08T06:00:00+00:00,-0.228071,3.0,0.536839,1,synthetic bulletin reports mixed conditions with 3 hours remaining,True
toy-0038,toy-0038,invented-recurring,2025-02-08T18:00:00+00:00,2025-02-08T05:50:00+00:00,2025-02-08T05:58:00+00:00,2025-02-08T06:00:00+00:00,2025-02-09T06:00:00+00:00,-0.340289,12.0,0.446651,0,synthetic bulletin reports weakening conditions with 12 hours remaining,True
toy-0038,toy-0038,invented-recurring,2025-02-08T18:00:00+00:00,2025-02-08T14:50:00+00:00,2025-02-08T14:58:00+00:00,2025-02-08T15:00:00+00:00,2025-02-09T06:00:00+00:00,-0.626288,3.0,0.459857,0,synthetic bulletin reports weakening conditions with 3 hours remaining,True
toy-0039,toy-0039,invented-recurring,2025-02-09T18:00:00+00:00,2025-02-09T05:50:00+00:00,2025-02-09T05:58:00+00:00,2025-02-09T06:00:00+00:00,2025-02-10T06:00:00+00:00,2.303908,12.0,0.743397,1,synthetic bulletin reports improving conditions with 12 hours remaining,True
toy-0039,toy-0039,invented-recurring,2025-02-09T18:00:00+00:00,2025-02-09T14:50:00+00:00,2025-02-09T14:58:00+00:00,2025-02-09T15:00:00+00:00,2025-02-10T06:00:00+00:00,1.719306,3.0,0.747983,1,synthetic bulletin reports improving conditions with 3 hours remaining,True
toy-0040,toy-0040,invented-recurring,2025-02-10T18:00:00+00:00,2025-02-10T05:50:00+00:00,2025-02-10T05:58:00+00:00,2025-02-10T06:00:00+00:00,2025-02-11T06:00:00+00:00,1.102962,12.0,0.582569,0,synthetic bulletin reports improving conditions with 12 hours remaining,True
toy-0040,toy-0040,invented-recurring,2025-02-10T18:00:00+00:00,2025-02-10T14:50:00+00:00,2025-02-10T14:58:00+00:00,2025-02-10T15:00:00+00:00,2025-02-11T06:00:00+00:00,2.107636,3.0,0.754812,0,synthetic bulletin reports improving conditions with 3 hours remaining,True
toy-0041,toy-0041,invented-recurring,2025-02-11T18:00:00+00:00,2025-02-11T05:50:00+00:00,2025-02-11T05:58:00+00:00,2025-02-11T06:00:00+00:00,2025-02-12T06:00:00+00:00,-1.41732,12.0,0.415117,0,synthetic bulletin reports weakening conditions with 12 hours remaining,True
toy-0041,toy-0041,invented-recurring,2025-02-11T18:00:00+00:00,2025-02-11T14:50:00+00:00,2025-02-11T14:58:00+00:00,2025-02-11T15:00:00+00:00,2025-02-12T06:00:00+00:00,-1.505473,3.0,0.281136,0,synthetic bulletin reports weakening conditions with 3 hours remaining,True
toy-0042,toy-0042,invented-recurring,2025-02-12T18:00:00+00:00,2025-02-12T05:50:00+00:00,2025-02-12T05:58:00+00:00,2025-02-12T06:00:00+00:00,2025-02-13T06:00:00+00:00,0.762782,12.0,0.546701,1,synthetic bulletin reports improving conditions with 12 hours remaining,True
toy-0042,toy-0042,invented-recurring,2025-02-12T18:00:00+00:00,2025-02-12T14:50:00+00:00,2025-02-12T14:58:00+00:00,2025-02-12T15:00:00+00:00,2025-02-13T06:00:00+00:00,0.578976,3.0,0.517816,1,synthetic bulletin reports improving conditions with 3 hours remaining,True
toy-0043,toy-0043,invented-recurring,2025-02-13T18:00:00+00:00,2025-02-13T05:50:00+00:00,2025-02-13T05:58:00+00:00,2025-02-13T06:00:00+00:00,2025-02-14T06:00:00+00:00,-1.936314,12.0,0.332466,1,synthetic bulletin reports weakening conditions with 12 hours remaining,True
toy-0043,toy-0043,invented-recurring,2025-02-13T18:00:00+00:00,2025-02-13T14:50:00+00:00,2025-02-13T14:58:00+00:00,2025-02-13T15:00:00+00:00,2025-02-14T06:00:00+00:00,-0.838722,3.0,0.45901,1,synthetic bulletin reports weakening conditions with 3 hours remaining,True
toy-0044,toy-0044,invented-recurring,2025-02-14T18:00:00+00:00,2025-02-14T05:50:00+00:00,2025-02-14T05:58:00+00:00,2025-02-14T06:00:00+00:00,2025-02-15T06:00:00+00:00,1.248476,12.0,0.685958,0,synthetic bulletin reports improving conditions with 12 hours remaining,True
toy-0044,toy-0044,invented-recurring,2025-02-14T18:00:00+00:00,2025-02-14T14:50:00+00:00,2025-02-14T14:58:00+00:00,2025-02-14T15:00:00+00:00,2025-02-15T06:00:00+00:00,-0.801515,3.0,0.425827,0,synthetic bulletin reports weakening conditions with 3 hours remaining,True
toy-0045,toy-0045,invented-recurring,2025-02-15T18:00:00+00:00,2025-02-15T05:50:00+00:00,2025-02-15T05:58:00+00:00,2025-02-15T06:00:00+00:00,2025-02-16T06:00:00+00:00,0.357851,12.0,0.477911,1,synthetic bulletin reports improving conditions with 12 hours remaining,True
toy-0045,toy-0045,invented-recurring,2025-02-15T18:00:00+00:00,2025-02-15T14:50:00+00:00,2025-02-15T14:58:00+00:00,2025-02-15T15:00:00+00:00,2025-02-16T06:00:00+00:00,1.318021,3.0,0.618514,1,synthetic bulletin reports improving conditions with 3 hours remaining,True
toy-0046,toy-0046,invented-recurring,2025-02-16T18:00:00+00:00,2025-02-16T05:50:00+00:00,2025-02-16T05:58:00+00:00,2025-02-16T06:00:00+00:00,2025-02-17T06:00:00+00:00,0.728387,12.0,0.629165,1,synthetic bulletin reports improving conditions with 12 hours remaining,True
toy-0046,toy-0046,invented-recurring,2025-02-16T18:00:00+00:00,2025-02-16T14:50:00+00:00,2025-02-16T14:58:00+00:00,2025-02-16T15:00:00+00:00,2025-02-17T06:00:00+00:00,1.66443,3.0,0.803856,1,synthetic bulletin reports improving conditions with 3 hours remaining,True
toy-0047,toy-0047,invented-recurring,2025-02-17T18:00:00+00:00,2025-02-17T05:50:00+00:00,2025-02-17T05:58:00+00:00,2025-02-17T06:00:00+00:00,2025-02-18T06:00:00+00:00,0.237159,12.0,0.433193,1,synthetic bulletin reports mixed conditions with 12 hours remaining,True
toy-0047,toy-0047,invented-recurring,2025-02-17T18:00:00+00:00,2025-02-17T14:50:00+00:00,2025-02-17T14:58:00+00:00,2025-02-17T15:00:00+00:00,2025-02-18T06:00:00+00:00,0.253174,3.0,0.597889,1,synthetic bulletin reports mixed conditions with 3 hours remaining,True
toy-0048,toy-0048,invented-recurring,2025-02-18T18:00:00+00:00,2025-02-18T05:50:00+00:00,2025-02-18T05:58:00+00:00,2025-02-18T06:00:00+00:00,2025-02-19T06:00:00+00:00,-3.007548,12.0,0.117185,1,synthetic bulletin reports weakening conditions with 12 hours remaining,True
toy-0048,toy-0048,invented-recurring,2025-02-18T18:00:00+00:00,2025-02-18T14:50:00+00:00,2025-02-18T14:58:00+00:00,2025-02-18T15:00:00+00:00,2025-02-19T06:00:00+00:00,-1.292467,3.0,0.352665,1,synthetic bulletin reports weakening conditions with 3 hours remaining,True
toy-0049,toy-0049,invented-recurring,2025-02-19T18:00:00+00:00,2025-02-19T05:50:00+00:00,2025-02-19T05:58:00+00:00,2025-02-19T06:00:00+00:00,2025-02-20T06:00:00+00:00,-1.543789,12.0,0.305772,1,synthetic bulletin reports weakening conditions with 12 hours remaining,True
toy-0049,toy-0049,invented-recurring,2025-02-19T18:00:00+00:00,2025-02-19T14:50:00+00:00,2025-02-19T14:58:00+00:00,2025-02-19T15:00:00+00:00,2025-02-20T06:00:00+00:00,-1.644968,3.0,0.39144,1,synthetic bulletin reports weakening conditions with 3 hours remaining,True
toy-0050,toy-0050,invented-recurring,2025-02-20T18:00:00+00:00,2025-02-20T05:50:00+00:00,2025-02-20T05:58:00+00:00,2025-02-20T06:00:00+00:00,2025-02-21T06:00:00+00:00,-1.109043,12.0,0.574736,1,synthetic bulletin reports weakening conditions with 12 hours remaining,True
toy-0050,toy-0050,invented-recurring,2025-02-20T18:00:00+00:00,2025-02-20T14:50:00+00:00,2025-02-20T14:58:00+00:00,2025-02-20T15:00:00+00:00,2025-02-21T06:00:00+00:00,-0.46701,3.0,0.516884,1,synthetic bulletin reports weakening conditions with 3 hours remaining,True
toy-0051,toy-0051,invented-recurring,2025-02-21T18:00:00+00:00,2025-02-21T05:50:00+00:00,2025-02-21T05:58:00+00:00,2025-02-21T06:00:00+00:00,2025-02-22T06:00:00+00:00,1.439016,12.0,0.493082,0,synthetic bulletin reports improving conditions with 12 hours remaining,True
toy-0051,toy-0051,invented-recurring,2025-02-21T18:00:00+00:00,2025-02-21T14:50:00+00:00,2025-02-21T14:58:00+00:00,2025-02-21T15:00:00+00:00,2025-02-22T06:00:00+00:00,-0.56733,3.0,0.543466,0,synthetic bulletin reports weakening conditions with 3 hours remaining,True
toy-0052,toy-0052,invented-recurring,2025-02-22T18:00:00+00:00,2025-02-22T05:50:00+00:00,2025-02-22T05:58:00+00:00,2025-02-22T06:00:00+00:00,2025-02-23T06:00:00+00:00,0.689279,12.0,0.52398,1,synthetic bulletin reports improving conditions with 12 hours remaining,True
toy-0052,toy-0052,invented-recurring,2025-02-22T18:00:00+00:00,2025-02-22T14:50:00+00:00,2025-02-22T14:58:00+00:00,2025-02-22T15:00:00+00:00,2025-02-23T06:00:00+00:00,-0.181696,3.0,0.445224,1,synthetic bulletin reports mixed conditions with 3 hours remaining,True
toy-0053,toy-0053,invented-recurring,2025-02-23T18:00:00+00:00,2025-02-23T05:50:00+00:00,2025-02-23T05:58:00+00:00,2025-02-23T06:00:00+00:00,2025-02-24T06:00:00+00:00,-0.551843,12.0,0.37015,1,synthetic bulletin reports weakening conditions with 12 hours remaining,True
toy-0053,toy-0053,invented-recurring,2025-02-23T18:00:00+00:00,2025-02-23T14:50:00+00:00,2025-02-23T14:58:00+00:00,2025-02-23T15:00:00+00:00,2025-02-24T06:00:00+00:00,0.651682,3.0,0.649634,1,synthetic bulletin reports improving conditions with 3 hours remaining,True
toy-0054,toy-0054,invented-recurring,2025-02-24T18:00:00+00:00,2025-02-24T05:50:00+00:00,2025-02-24T05:58:00+00:00,2025-02-24T06:00:00+00:00,2025-02-25T06:00:00+00:00,0.852346,12.0,0.589479,1,synthetic bulletin reports improving conditions with 12 hours remaining,True
toy-0054,toy-0054,invented-recurring,2025-02-24T18:00:00+00:00,2025-02-24T14:50:00+00:00,2025-02-24T14:58:00+00:00,2025-02-24T15:00:00+00:00,2025-02-25T06:00:00+00:00,1.019877,3.0,0.570708,1,synthetic bulletin reports improving conditions with 3 hours remaining,True
toy-0055,toy-0055,invented-recurring,2025-02-25T18:00:00+00:00,2025-02-25T05:50:00+00:00,2025-02-25T05:58:00+00:00,2025-02-25T06:00:00+00:00,2025-02-26T06:00:00+00:00,0.829468,12.0,0.647803,0,synthetic bulletin reports improving conditions with 12 hours remaining,True
toy-0055,toy-0055,invented-recurring,2025-02-25T18:00:00+00:00,2025-02-25T14:50:00+00:00,2025-02-25T14:58:00+00:00,2025-02-25T15:00:00+00:00,2025-02-26T06:00:00+00:00,-1.366876,3.0,0.420332,0,synthetic bulletin reports weakening conditions with 3 hours remaining,True
toy-0056,toy-0056,invented-recurring,2025-02-26T18:00:00+00:00,2025-02-26T05:50:00+00:00,2025-02-26T05:58:00+00:00,2025-02-26T06:00:00+00:00,2025-02-27T06:00:00+00:00,0.854739,12.0,0.585557,0,synthetic bulletin reports improving conditions with 12 hours remaining,True
toy-0056,toy-0056,invented-recurring,2025-02-26T18:00:00+00:00,2025-02-26T14:50:00+00:00,2025-02-26T14:58:00+00:00,2025-02-26T15:00:00+00:00,2025-02-27T06:00:00+00:00,0.108974,3.0,0.549535,0,synthetic bulletin reports mixed conditions with 3 hours remaining,True
toy-0057,toy-0057,invented-recurring,2025-02-27T18:00:00+00:00,2025-02-27T05:50:00+00:00,2025-02-27T05:58:00+00:00,2025-02-27T06:00:00+00:00,2025-02-28T06:00:00+00:00,-0.588551,12.0,0.507099,0,synthetic bulletin reports weakening conditions with 12 hours remaining,True
toy-0057,toy-0057,invented-recurring,2025-02-27T18:00:00+00:00,2025-02-27T14:50:00+00:00,2025-02-27T14:58:00+00:00,2025-02-27T15:00:00+00:00,2025-02-28T06:00:00+00:00,-0.30021,3.0,0.478409,0,synthetic bulletin reports weakening conditions with 3 hours remaining,True
toy-0058,toy-0058,invented-recurring,2025-02-28T18:00:00+00:00,2025-02-28T05:50:00+00:00,2025-02-28T05:58:00+00:00,2025-02-28T06:00:00+00:00,2025-03-01T06:00:00+00:00,-0.065439,12.0,0.527737,1,synthetic bulletin reports mixed conditions with 12 hours remaining,True
toy-0058,toy-0058,invented-recurring,2025-02-28T18:00:00+00:00,2025-02-28T14:50:00+00:00,2025-02-28T14:58:00+00:00,2025-02-28T15:00:00+00:00,2025-03-01T06:00:00+00:00,-0.504006,3.0,0.439892,1,synthetic bulletin reports weakening conditions with 3 hours remaining,True
toy-0059,toy-0059,invented-recurring,2025-03-01T18:00:00+00:00,2025-03-01T05:50:00+00:00,2025-03-01T05:58:00+00:00,2025-03-01T06:00:00+00:00,2025-03-02T06:00:00+00:00,-0.295853,12.0,0.470163,1,synthetic bulletin reports mixed conditions with 12 hours remaining,True
toy-0059,toy-0059,invented-recurring,2025-03-01T18:00:00+00:00,2025-03-01T14:50:00+00:00,2025-03-01T14:58:00+00:00,2025-03-01T15:00:00+00:00,2025-03-02T06:00:00+00:00,0.037241,3.0,0.46176,1,synthetic bulletin reports mixed conditions with 3 hours remaining,True
toy-0060,toy-0060,invented-recurring,2025-03-02T18:00:00+00:00,2025-03-02T05:50:00+00:00,2025-03-02T05:58:00+00:00,2025-03-02T06:00:00+00:00,2025-03-03T06:00:00+00:00,1.463154,12.0,0.582789,1,synthetic bulletin reports improving conditions with 12 hours remaining,True
toy-0060,toy-0060,invented-recurring,2025-03-02T18:00:00+00:00,2025-03-02T14:50:00+00:00,2025-03-02T14:58:00+00:00,2025-03-02T15:00:00+00:00,2025-03-03T06:00:00+00:00,1.678253,3.0,0.578187,1,synthetic bulletin reports improving conditions with 3 hours remaining,True
toy-0061,toy-0061,invented-recurring,2025-03-03T18:00:00+00:00,2025-03-03T05:50:00+00:00,2025-03-03T05:58:00+00:00,2025-03-03T06:00:00+00:00,2025-03-04T06:00:00+00:00,-0.640234,12.0,0.401242,1,synthetic bulletin reports weakening conditions with 12 hours remaining,True
toy-0061,toy-0061,invented-recurring,2025-03-03T18:00:00+00:00,2025-03-03T14:50:00+00:00,2025-03-03T14:58:00+00:00,2025-03-03T15:00:00+00:00,2025-03-04T06:00:00+00:00,0.140591,3.0,0.522057,1,synthetic bulletin reports mixed conditions with 3 hours remaining,True
toy-0062,toy-0062,invented-recurring,2025-03-04T18:00:00+00:00,2025-03-04T05:50:00+00:00,2025-03-04T05:58:00+00:00,2025-03-04T06:00:00+00:00,2025-03-05T06:00:00+00:00,-1.647046,12.0,0.327803,1,synthetic bulletin reports weakening conditions with 12 hours remaining,True
toy-0062,toy-0062,invented-recurring,2025-03-04T18:00:00+00:00,2025-03-04T14:50:00+00:00,2025-03-04T14:58:00+00:00,2025-03-04T15:00:00+00:00,2025-03-05T06:00:00+00:00,-0.432433,3.0,0.385818,1,synthetic bulletin reports weakening conditions with 3 hours remaining,True
toy-0063,toy-0063,invented-recurring,2025-03-05T18:00:00+00:00,2025-03-05T05:50:00+00:00,2025-03-05T05:58:00+00:00,2025-03-05T06:00:00+00:00,2025-03-06T06:00:00+00:00,-1.951233,12.0,0.25778,0,synthetic bulletin reports weakening conditions with 12 hours remaining,True
toy-0063,toy-0063,invented-recurring,2025-03-05T18:00:00+00:00,2025-03-05T14:50:00+00:00,2025-03-05T14:58:00+00:00,2025-03-05T15:00:00+00:00,2025-03-06T06:00:00+00:00,-1.08744,3.0,0.502316,0,synthetic bulletin reports weakening conditions with 3 hours remaining,True
toy-0064,toy-0064,invented-recurring,2025-03-06T18:00:00+00:00,2025-03-06T05:50:00+00:00,2025-03-06T05:58:00+00:00,2025-03-06T06:00:00+00:00,2025-03-07T06:00:00+00:00,-0.857243,12.0,0.458493,0,synthetic bulletin reports weakening conditions with 12 hours remaining,True
toy-0064,toy-0064,invented-recurring,2025-03-06T18:00:00+00:00,2025-03-06T14:50:00+00:00,2025-03-06T14:58:00+00:00,2025-03-06T15:00:00+00:00,2025-03-07T06:00:00+00:00,-0.194174,3.0,0.55986,0,synthetic bulletin reports mixed conditions with 3 hours remaining,True
toy-0065,toy-0065,invented-recurring,2025-03-07T18:00:00+00:00,2025-03-07T05:50:00+00:00,2025-03-07T05:58:00+00:00,2025-03-07T06:00:00+00:00,2025-03-08T06:00:00+00:00,0.988083,12.0,0.591403,1,synthetic bulletin reports improving conditions with 12 hours remaining,True
toy-0065,toy-0065,invented-recurring,2025-03-07T18:00:00+00:00,2025-03-07T14:50:00+00:00,2025-03-07T14:58:00+00:00,2025-03-07T15:00:00+00:00,2025-03-08T06:00:00+00:00,0.951312,3.0,0.593881,1,synthetic bulletin reports improving conditions with 3 hours remaining,True
toy-0066,toy-0066,invented-recurring,2025-03-08T18:00:00+00:00,2025-03-08T05:50:00+00:00,2025-03-08T05:58:00+00:00,2025-03-08T06:00:00+00:00,2025-03-09T06:00:00+00:00,0.548868,12.0,0.577758,1,synthetic bulletin reports improving conditions with 12 hours remaining,True
toy-0066,toy-0066,invented-recurring,2025-03-08T18:00:00+00:00,2025-03-08T14:50:00+00:00,2025-03-08T14:58:00+00:00,2025-03-08T15:00:00+00:00,2025-03-09T06:00:00+00:00,0.829381,3.0,0.587087,1,synthetic bulletin reports improving conditions with 3 hours remaining,True
toy-0067,toy-0067,invented-recurring,2025-03-09T18:00:00+00:00,2025-03-09T05:50:00+00:00,2025-03-09T05:58:00+00:00,2025-03-09T06:00:00+00:00,2025-03-10T06:00:00+00:00,-1.822671,12.0,0.258653,0,synthetic bulletin reports weakening conditions with 12 hours remaining,True
toy-0067,toy-0067,invented-recurring,2025-03-09T18:00:00+00:00,2025-03-09T14:50:00+00:00,2025-03-09T14:58:00+00:00,2025-03-09T15:00:00+00:00,2025-03-10T06:00:00+00:00,-1.356887,3.0,0.446265,0,synthetic bulletin reports weakening conditions with 3 hours remaining,True
toy-0068,toy-0068,invented-recurring,2025-03-10T18:00:00+00:00,2025-03-10T05:50:00+00:00,2025-03-10T05:58:00+00:00,2025-03-10T06:00:00+00:00,2025-03-11T06:00:00+00:00,0.905017,12.0,0.517523,1,synthetic bulletin reports improving conditions with 12 hours remaining,True
toy-0068,toy-0068,invented-recurring,2025-03-10T18:00:00+00:00,2025-03-10T14:50:00+00:00,2025-03-10T14:58:00+00:00,2025-03-10T15:00:00+00:00,2025-03-11T06:00:00+00:00,0.616195,3.0,0.43423,1,synthetic bulletin reports improving conditions with 3 hours remaining,True
toy-0069,toy-0069,invented-recurring,2025-03-11T18:00:00+00:00,2025-03-11T05:50:00+00:00,2025-03-11T05:58:00+00:00,2025-03-11T06:00:00+00:00,2025-03-12T06:00:00+00:00,0.170952,12.0,0.485045,1,synthetic bulletin reports mixed conditions with 12 hours remaining,True
toy-0069,toy-0069,invented-recurring,2025-03-11T18:00:00+00:00,2025-03-11T14:50:00+00:00,2025-03-11T14:58:00+00:00,2025-03-11T15:00:00+00:00,2025-03-12T06:00:00+00:00,0.652323,3.0,0.573871,1,synthetic bulletin reports improving conditions with 3 hours remaining,True
toy-0070,toy-0070,invented-recurring,2025-03-12T18:00:00+00:00,2025-03-12T05:50:00+00:00,2025-03-12T05:58:00+00:00,2025-03-12T06:00:00+00:00,2025-03-13T06:00:00+00:00,0.051384,12.0,0.451825,0,synthetic bulletin reports mixed conditions with 12 hours remaining,True
toy-0070,toy-0070,invented-recurring,2025-03-12T18:00:00+00:00,2025-03-12T14:50:00+00:00,2025-03-12T14:58:00+00:00,2025-03-12T15:00:00+00:00,2025-03-13T06:00:00+00:00,0.384445,3.0,0.430302,0,synthetic bulletin reports improving conditions with 3 hours remaining,True
toy-0071,toy-0071,invented-recurring,2025-03-13T18:00:00+00:00,2025-03-13T05:50:00+00:00,2025-03-13T05:58:00+00:00,2025-03-13T06:00:00+00:00,2025-03-14T06:00:00+00:00,-1.320135,12.0,0.44862,0,synthetic bulletin reports weakening conditions with 12 hours remaining,True
toy-0071,toy-0071,invented-recurring,2025-03-13T18:00:00+00:00,2025-03-13T14:50:00+00:00,2025-03-13T14:58:00+00:00,2025-03-13T15:00:00+00:00,2025-03-14T06:00:00+00:00,-0.275656,3.0,0.536111,0,synthetic bulletin reports mixed conditions with 3 hours remaining,True
toy-0072,toy-0072,invented-recurring,2025-03-14T18:00:00+00:00,2025-03-14T05:50:00+00:00,2025-03-14T05:58:00+00:00,2025-03-14T06:00:00+00:00,2025-03-15T06:00:00+00:00,0.012717,12.0,0.447253,0,synthetic bulletin reports mixed conditions with 12 hours remaining,True
toy-0072,toy-0072,invented-recurring,2025-03-14T18:00:00+00:00,2025-03-14T14:50:00+00:00,2025-03-14T14:58:00+00:00,2025-03-14T15:00:00+00:00,2025-03-15T06:00:00+00:00,-0.346264,3.0,0.366462,0,synthetic bulletin reports weakening conditions with 3 hours remaining,True
toy-0073,toy-0073,invented-recurring,2025-03-15T18:00:00+00:00,2025-03-15T05:50:00+00:00,2025-03-15T05:58:00+00:00,2025-03-15T06:00:00+00:00,2025-03-16T06:00:00+00:00,1.681299,12.0,0.706885,1,synthetic bulletin reports improving conditions with 12 hours remaining,True
toy-0073,toy-0073,invented-recurring,2025-03-15T18:00:00+00:00,2025-03-15T14:50:00+00:00,2025-03-15T14:58:00+00:00,2025-03-15T15:00:00+00:00,2025-03-16T06:00:00+00:00,0.919863,3.0,0.616168,1,synthetic bulletin reports improving conditions with 3 hours remaining,True
toy-0074,toy-0074,invented-recurring,2025-03-16T18:00:00+00:00,2025-03-16T05:50:00+00:00,2025-03-16T05:58:00+00:00,2025-03-16T06:00:00+00:00,2025-03-17T06:00:00+00:00,2.72946,12.0,0.740469,1,synthetic bulletin reports improving conditions with 12 hours remaining,True
toy-0074,toy-0074,invented-recurring,2025-03-16T18:00:00+00:00,2025-03-16T14:50:00+00:00,2025-03-16T14:58:00+00:00,2025-03-16T15:00:00+00:00,2025-03-17T06:00:00+00:00,1.752278,3.0,0.732669,1,synthetic bulletin reports improving conditions with 3 hours remaining,True
toy-0075,toy-0075,invented-recurring,2025-03-17T18:00:00+00:00,2025-03-17T05:50:00+00:00,2025-03-17T05:58:00+00:00,2025-03-17T06:00:00+00:00,2025-03-18T06:00:00+00:00,-1.197936,12.0,0.335145,0,synthetic bulletin reports weakening conditions with 12 hours remaining,True
toy-0075,toy-0075,invented-recurring,2025-03-17T18:00:00+00:00,2025-03-17T14:50:00+00:00,2025-03-17T14:58:00+00:00,2025-03-17T15:00:00+00:00,2025-03-18T06:00:00+00:00,-0.621864,3.0,0.379253,0,synthetic bulletin reports weakening conditions with 3 hours remaining,True
toy-0076,toy-0076,invented-recurring,2025-03-18T18:00:00+00:00,2025-03-18T05:50:00+00:00,2025-03-18T05:58:00+00:00,2025-03-18T06:00:00+00:00,2025-03-19T06:00:00+00:00,1.049144,12.0,0.65583,1,synthetic bulletin reports improving conditions with 12 hours remaining,True
toy-0076,toy-0076,invented-recurring,2025-03-18T18:00:00+00:00,2025-03-18T14:50:00+00:00,2025-03-18T14:58:00+00:00,2025-03-18T15:00:00+00:00,2025-03-19T06:00:00+00:00,0.458067,3.0,0.511229,1,synthetic bulletin reports improving conditions with 3 hours remaining,True
toy-0077,toy-0077,invented-recurring,2025-03-19T18:00:00+00:00,2025-03-19T05:50:00+00:00,2025-03-19T05:58:00+00:00,2025-03-19T06:00:00+00:00,2025-03-20T06:00:00+00:00,0.720213,12.0,0.515755,1,synthetic bulletin reports improving conditions with 12 hours remaining,True
toy-0077,toy-0077,invented-recurring,2025-03-19T18:00:00+00:00,2025-03-19T14:50:00+00:00,2025-03-19T14:58:00+00:00,2025-03-19T15:00:00+00:00,2025-03-20T06:00:00+00:00,0.509342,3.0,0.620282,1,synthetic bulletin reports improving conditions with 3 hours remaining,True
toy-0078,toy-0078,invented-recurring,2025-03-20T18:00:00+00:00,2025-03-20T05:50:00+00:00,2025-03-20T05:58:00+00:00,2025-03-20T06:00:00+00:00,2025-03-21T06:00:00+00:00,-0.225932,12.0,0.528469,0,synthetic bulletin reports mixed conditions with 12 hours remaining,True
toy-0078,toy-0078,invented-recurring,2025-03-20T18:00:00+00:00,2025-03-20T14:50:00+00:00,2025-03-20T14:58:00+00:00,2025-03-20T15:00:00+00:00,2025-03-21T06:00:00+00:00,0.75244,3.0,0.651022,0,synthetic bulletin reports improving conditions with 3 hours remaining,True
toy-0079,toy-0079,invented-recurring,2025-03-21T18:00:00+00:00,2025-03-21T05:50:00+00:00,2025-03-21T05:58:00+00:00,2025-03-21T06:00:00+00:00,2025-03-22T06:00:00+00:00,-2.132968,12.0,0.308206,1,synthetic bulletin reports weakening conditions with 12 hours remaining,True
toy-0079,toy-0079,invented-recurring,2025-03-21T18:00:00+00:00,2025-03-21T14:50:00+00:00,2025-03-21T14:58:00+00:00,2025-03-21T15:00:00+00:00,2025-03-22T06:00:00+00:00,-0.642247,3.0,0.346286,1,synthetic bulletin reports weakening conditions with 3 hours remaining,True
toy-0080,toy-0080,invented-recurring,2025-03-22T18:00:00+00:00,2025-03-22T05:50:00+00:00,2025-03-22T05:58:00+00:00,2025-03-22T06:00:00+00:00,2025-03-23T06:00:00+00:00,-1.791201,12.0,0.315362,1,synthetic bulletin reports weakening conditions with 12 hours remaining,True
toy-0080,toy-0080,invented-recurring,2025-03-22T18:00:00+00:00,2025-03-22T14:50:00+00:00,2025-03-22T14:58:00+00:00,2025-03-22T15:00:00+00:00,2025-03-23T06:00:00+00:00,-0.259088,3.0,0.559847,1,synthetic bulletin reports mixed conditions with 3 hours remaining,True
toy-0081,toy-0081,invented-recurring,2025-03-23T18:00:00+00:00,2025-03-23T05:50:00+00:00,2025-03-23T05:58:00+00:00,2025-03-23T06:00:00+00:00,2025-03-24T06:00:00+00:00,-0.373118,12.0,0.492493,1,synthetic bulletin reports weakening conditions with 12 hours remaining,True
toy-0081,toy-0081,invented-recurring,2025-03-23T18:00:00+00:00,2025-03-23T14:50:00+00:00,2025-03-23T14:58:00+00:00,2025-03-23T15:00:00+00:00,2025-03-24T06:00:00+00:00,0.190866,3.0,0.547407,1,synthetic bulletin reports mixed conditions with 3 hours remaining,True
toy-0082,toy-0082,invented-recurring,2025-03-24T18:00:00+00:00,2025-03-24T05:50:00+00:00,2025-03-24T05:58:00+00:00,2025-03-24T06:00:00+00:00,2025-03-25T06:00:00+00:00,0.904507,12.0,0.570086,1,synthetic bulletin reports improving conditions with 12 hours remaining,True
toy-0082,toy-0082,invented-recurring,2025-03-24T18:00:00+00:00,2025-03-24T14:50:00+00:00,2025-03-24T14:58:00+00:00,2025-03-24T15:00:00+00:00,2025-03-25T06:00:00+00:00,2.028384,3.0,0.711455,1,synthetic bulletin reports improving conditions with 3 hours remaining,True
toy-0083,toy-0083,invented-recurring,2025-03-25T18:00:00+00:00,2025-03-25T05:50:00+00:00,2025-03-25T05:58:00+00:00,2025-03-25T06:00:00+00:00,2025-03-26T06:00:00+00:00,0.268786,12.0,0.494149,1,synthetic bulletin reports mixed conditions with 12 hours remaining,True
toy-0083,toy-0083,invented-recurring,2025-03-25T18:00:00+00:00,2025-03-25T14:50:00+00:00,2025-03-25T14:58:00+00:00,2025-03-25T15:00:00+00:00,2025-03-26T06:00:00+00:00,0.748606,3.0,0.579663,1,synthetic bulletin reports improving conditions with 3 hours remaining,True
toy-0084,toy-0084,invented-recurring,2025-03-26T18:00:00+00:00,2025-03-26T05:50:00+00:00,2025-03-26T05:58:00+00:00,2025-03-26T06:00:00+00:00,2025-03-27T06:00:00+00:00,-1.027475,12.0,0.384174,1,synthetic bulletin reports weakening conditions with 12 hours remaining,True
toy-0084,toy-0084,invented-recurring,2025-03-26T18:00:00+00:00,2025-03-26T14:50:00+00:00,2025-03-26T14:58:00+00:00,2025-03-26T15:00:00+00:00,2025-03-27T06:00:00+00:00,0.001,3.0,0.492712,1,synthetic bulletin reports mixed conditions with 3 hours remaining,True
toy-0085,toy-0085,invented-recurring,2025-03-27T18:00:00+00:00,2025-03-27T05:50:00+00:00,2025-03-27T05:58:00+00:00,2025-03-27T06:00:00+00:00,2025-03-28T06:00:00+00:00,-0.66099,12.0,0.451826,0,synthetic bulletin reports weakening conditions with 12 hours remaining,True
toy-0085,toy-0085,invented-recurring,2025-03-27T18:00:00+00:00,2025-03-27T14:50:00+00:00,2025-03-27T14:58:00+00:00,2025-03-27T15:00:00+00:00,2025-03-28T06:00:00+00:00,-0.596604,3.0,0.341836,0,synthetic bulletin reports weakening conditions with 3 hours remaining,True
toy-0086,toy-0086,invented-recurring,2025-03-28T18:00:00+00:00,2025-03-28T05:50:00+00:00,2025-03-28T05:58:00+00:00,2025-03-28T06:00:00+00:00,2025-03-29T06:00:00+00:00,0.378753,12.0,0.456484,1,synthetic bulletin reports improving conditions with 12 hours remaining,True
toy-0086,toy-0086,invented-recurring,2025-03-28T18:00:00+00:00,2025-03-28T14:50:00+00:00,2025-03-28T14:58:00+00:00,2025-03-28T15:00:00+00:00,2025-03-29T06:00:00+00:00,-0.423158,3.0,0.434409,1,synthetic bulletin reports weakening conditions with 3 hours remaining,True
toy-0087,toy-0087,invented-recurring,2025-03-29T18:00:00+00:00,2025-03-29T05:50:00+00:00,2025-03-29T05:58:00+00:00,2025-03-29T06:00:00+00:00,2025-03-30T06:00:00+00:00,2.253095,12.0,0.805544,1,synthetic bulletin reports improving conditions with 12 hours remaining,True
toy-0087,toy-0087,invented-recurring,2025-03-29T18:00:00+00:00,2025-03-29T14:50:00+00:00,2025-03-29T14:58:00+00:00,2025-03-29T15:00:00+00:00,2025-03-30T06:00:00+00:00,1.11375,3.0,0.616536,1,synthetic bulletin reports improving conditions with 3 hours remaining,True
toy-0088,toy-0088,invented-recurring,2025-03-30T18:00:00+00:00,2025-03-30T05:50:00+00:00,2025-03-30T05:58:00+00:00,2025-03-30T06:00:00+00:00,2025-03-31T06:00:00+00:00,-0.502336,12.0,0.438899,1,synthetic bulletin reports weakening conditions with 12 hours remaining,True
toy-0088,toy-0088,invented-recurring,2025-03-30T18:00:00+00:00,2025-03-30T14:50:00+00:00,2025-03-30T14:58:00+00:00,2025-03-30T15:00:00+00:00,2025-03-31T06:00:00+00:00,0.247399,3.0,0.576475,1,synthetic bulletin reports mixed conditions with 3 hours remaining,True
toy-0089,toy-0089,invented-recurring,2025-03-31T18:00:00+00:00,2025-03-31T05:50:00+00:00,2025-03-31T05:58:00+00:00,2025-03-31T06:00:00+00:00,2025-04-01T06:00:00+00:00,-2.342714,12.0,0.277332,1,synthetic bulletin reports weakening conditions with 12 hours remaining,True
toy-0089,toy-0089,invented-recurring,2025-03-31T18:00:00+00:00,2025-03-31T14:50:00+00:00,2025-03-31T14:58:00+00:00,2025-03-31T15:00:00+00:00,2025-04-01T06:00:00+00:00,-1.919116,3.0,0.283665,1,synthetic bulletin reports weakening conditions with 3 hours remaining,True
toy-0090,toy-0090,invented-recurring,2025-04-01T18:00:00+00:00,2025-04-01T05:50:00+00:00,2025-04-01T05:58:00+00:00,2025-04-01T06:00:00+00:00,2025-04-02T06:00:00+00:00,-1.523748,12.0,0.355675,0,synthetic bulletin reports weakening conditions with 12 hours remaining,True
toy-0090,toy-0090,invented-recurring,2025-04-01T18:00:00+00:00,2025-04-01T14:50:00+00:00,2025-04-01T14:58:00+00:00,2025-04-01T15:00:00+00:00,2025-04-02T06:00:00+00:00,-1.139665,3.0,0.338026,0,synthetic bulletin reports weakening conditions with 3 hours remaining,True
toy-0091,toy-0091,invented-recurring,2025-04-02T18:00:00+00:00,2025-04-02T05:50:00+00:00,2025-04-02T05:58:00+00:00,2025-04-02T06:00:00+00:00,2025-04-03T06:00:00+00:00,0.693682,12.0,0.625777,1,synthetic bulletin reports improving conditions with 12 hours remaining,True
toy-0091,toy-0091,invented-recurring,2025-04-02T18:00:00+00:00,2025-04-02T14:50:00+00:00,2025-04-02T14:58:00+00:00,2025-04-02T15:00:00+00:00,2025-04-03T06:00:00+00:00,0.050571,3.0,0.45628,1,synthetic bulletin reports mixed conditions with 3 hours remaining,True
toy-0092,toy-0092,invented-recurring,2025-04-03T18:00:00+00:00,2025-04-03T05:50:00+00:00,2025-04-03T05:58:00+00:00,2025-04-03T06:00:00+00:00,2025-04-04T06:00:00+00:00,1.399223,12.0,0.650586,0,synthetic bulletin reports improving conditions with 12 hours remaining,True
toy-0092,toy-0092,invented-recurring,2025-04-03T18:00:00+00:00,2025-04-03T14:50:00+00:00,2025-04-03T14:58:00+00:00,2025-04-03T15:00:00+00:00,2025-04-04T06:00:00+00:00,-0.178611,3.0,0.439551,0,synthetic bulletin reports mixed conditions with 3 hours remaining,True
toy-0093,toy-0093,invented-recurring,2025-04-04T18:00:00+00:00,2025-04-04T05:50:00+00:00,2025-04-04T05:58:00+00:00,2025-04-04T06:00:00+00:00,2025-04-05T06:00:00+00:00,1.089255,12.0,0.664747,1,synthetic bulletin reports improving conditions with 12 hours remaining,True
toy-0093,toy-0093,invented-recurring,2025-04-04T18:00:00+00:00,2025-04-04T14:50:00+00:00,2025-04-04T14:58:00+00:00,2025-04-04T15:00:00+00:00,2025-04-05T06:00:00+00:00,0.30131,3.0,0.588816,1,synthetic bulletin reports improving conditions with 3 hours remaining,True
toy-0094,toy-0094,invented-recurring,2025-04-05T18:00:00+00:00,2025-04-05T05:50:00+00:00,2025-04-05T05:58:00+00:00,2025-04-05T06:00:00+00:00,2025-04-06T06:00:00+00:00,0.223119,12.0,0.664221,1,synthetic bulletin reports mixed conditions with 12 hours remaining,True
toy-0094,toy-0094,invented-recurring,2025-04-05T18:00:00+00:00,2025-04-05T14:50:00+00:00,2025-04-05T14:58:00+00:00,2025-04-05T15:00:00+00:00,2025-04-06T06:00:00+00:00,0.859692,3.0,0.504182,1,synthetic bulletin reports improving conditions with 3 hours remaining,True
toy-0095,toy-0095,invented-recurring,2025-04-06T18:00:00+00:00,2025-04-06T05:50:00+00:00,2025-04-06T05:58:00+00:00,2025-04-06T06:00:00+00:00,2025-04-07T06:00:00+00:00,0.094962,12.0,0.514839,1,synthetic bulletin reports mixed conditions with 12 hours remaining,True
toy-0095,toy-0095,invented-recurring,2025-04-06T18:00:00+00:00,2025-04-06T14:50:00+00:00,2025-04-06T14:58:00+00:00,2025-04-06T15:00:00+00:00,2025-04-07T06:00:00+00:00,0.17344,3.0,0.562608,1,synthetic bulletin reports mixed conditions with 3 hours remaining,True
toy-0096,toy-0096,invented-recurring,2025-04-07T18:00:00+00:00,2025-04-07T05:50:00+00:00,2025-04-07T05:58:00+00:00,2025-04-07T06:00:00+00:00,2025-04-08T06:00:00+00:00,-0.067905,12.0,0.521911,1,synthetic bulletin reports mixed conditions with 12 hours remaining,True
toy-0096,toy-0096,invented-recurring,2025-04-07T18:00:00+00:00,2025-04-07T14:50:00+00:00,2025-04-07T14:58:00+00:00,2025-04-07T15:00:00+00:00,2025-04-08T06:00:00+00:00,0.611201,3.0,0.635263,1,synthetic bulletin reports improving conditions with 3 hours remaining,True
toy-0097,toy-0097,invented-recurring,2025-04-08T18:00:00+00:00,2025-04-08T05:50:00+00:00,2025-04-08T05:58:00+00:00,2025-04-08T06:00:00+00:00,2025-04-09T06:00:00+00:00,1.067193,12.0,0.623267,1,synthetic bulletin reports improving conditions with 12 hours remaining,True
toy-0097,toy-0097,invented-recurring,2025-04-08T18:00:00+00:00,2025-04-08T14:50:00+00:00,2025-04-08T14:58:00+00:00,2025-04-08T15:00:00+00:00,2025-04-09T06:00:00+00:00,1.88994,3.0,0.809294,1,synthetic bulletin reports improving conditions with 3 hours remaining,True
toy-0098,toy-0098,invented-recurring,2025-04-09T18:00:00+00:00,2025-04-09T05:50:00+00:00,2025-04-09T05:58:00+00:00,2025-04-09T06:00:00+00:00,2025-04-10T06:00:00+00:00,1.505554,12.0,0.704559,1,synthetic bulletin reports improving conditions with 12 hours remaining,True
toy-0098,toy-0098,invented-recurring,2025-04-09T18:00:00+00:00,2025-04-09T14:50:00+00:00,2025-04-09T14:58:00+00:00,2025-04-09T15:00:00+00:00,2025-04-10T06:00:00+00:00,1.608147,3.0,0.709083,1,synthetic bulletin reports improving conditions with 3 hours remaining,True
toy-0099,toy-0099,invented-recurring,2025-04-10T18:00:00+00:00,2025-04-10T05:50:00+00:00,2025-04-10T05:58:00+00:00,2025-04-10T06:00:00+00:00,2025-04-11T06:00:00+00:00,1.015083,12.0,0.626142,1,synthetic bulletin reports improving conditions with 12 hours remaining,True
toy-0099,toy-0099,invented-recurring,2025-04-10T18:00:00+00:00,2025-04-10T14:50:00+00:00,2025-04-10T14:58:00+00:00,2025-04-10T15:00:00+00:00,2025-04-11T06:00:00+00:00,1.575992,3.0,0.68429,1,synthetic bulletin reports improving conditions with 3 hours remaining,True
toy-0100,toy-0100,invented-recurring,2025-04-11T18:00:00+00:00,2025-04-11T05:50:00+00:00,2025-04-11T05:58:00+00:00,2025-04-11T06:00:00+00:00,2025-04-12T06:00:00+00:00,2.029758,12.0,0.762957,1,synthetic bulletin reports improving conditions with 12 hours remaining,True
toy-0100,toy-0100,invented-recurring,2025-04-11T18:00:00+00:00,2025-04-11T14:50:00+00:00,2025-04-11T14:58:00+00:00,2025-04-11T15:00:00+00:00,2025-04-12T06:00:00+00:00,1.256617,3.0,0.653567,1,synthetic bulletin reports improving conditions with 3 hours remaining,True
toy-0101,toy-0101,invented-recurring,2025-04-12T18:00:00+00:00,2025-04-12T05:50:00+00:00,2025-04-12T05:58:00+00:00,2025-04-12T06:00:00+00:00,2025-04-13T06:00:00+00:00,-2.292172,12.0,0.300703,0,synthetic bulletin reports weakening conditions with 12 hours remaining,True
toy-0101,toy-0101,invented-recurring,2025-04-12T18:00:00+00:00,2025-04-12T14:50:00+00:00,2025-04-12T14:58:00+00:00,2025-04-12T15:00:00+00:00,2025-04-13T06:00:00+00:00,-2.317681,3.0,0.237462,0,synthetic bulletin reports weakening conditions with 3 hours remaining,True
toy-0102,toy-0102,invented-recurring,2025-04-13T18:00:00+00:00,2025-04-13T05:50:00+00:00,2025-04-13T05:58:00+00:00,2025-04-13T06:00:00+00:00,2025-04-14T06:00:00+00:00,-0.950899,12.0,0.41547,0,synthetic bulletin reports weakening conditions with 12 hours remaining,True
toy-0102,toy-0102,invented-recurring,2025-04-13T18:00:00+00:00,2025-04-13T14:50:00+00:00,2025-04-13T14:58:00+00:00,2025-04-13T15:00:00+00:00,2025-04-14T06:00:00+00:00,-0.483929,3.0,0.463741,0,synthetic bulletin reports weakening conditions with 3 hours remaining,True
toy-0103,toy-0103,invented-recurring,2025-04-14T18:00:00+00:00,2025-04-14T05:50:00+00:00,2025-04-14T05:58:00+00:00,2025-04-14T06:00:00+00:00,2025-04-15T06:00:00+00:00,2.212058,12.0,0.71693,1,synthetic bulletin reports improving conditions with 12 hours remaining,True
toy-0103,toy-0103,invented-recurring,2025-04-14T18:00:00+00:00,2025-04-14T14:50:00+00:00,2025-04-14T14:58:00+00:00,2025-04-14T15:00:00+00:00,2025-04-15T06:00:00+00:00,1.327536,3.0,0.630869,1,synthetic bulletin reports improving conditions with 3 hours remaining,True
toy-0104,toy-0104,invented-recurring,2025-04-15T18:00:00+00:00,2025-04-15T05:50:00+00:00,2025-04-15T05:58:00+00:00,2025-04-15T06:00:00+00:00,2025-04-16T06:00:00+00:00,1.162812,12.0,0.686137,1,synthetic bulletin reports improving conditions with 12 hours remaining,True
toy-0104,toy-0104,invented-recurring,2025-04-15T18:00:00+00:00,2025-04-15T14:50:00+00:00,2025-04-15T14:58:00+00:00,2025-04-15T15:00:00+00:00,2025-04-16T06:00:00+00:00,0.206959,3.0,0.482625,1,synthetic bulletin reports mixed conditions with 3 hours remaining,True
toy-0105,toy-0105,invented-recurring,2025-04-16T18:00:00+00:00,2025-04-16T05:50:00+00:00,2025-04-16T05:58:00+00:00,2025-04-16T06:00:00+00:00,2025-04-17T06:00:00+00:00,-0.294649,12.0,0.522716,0,synthetic bulletin reports mixed conditions with 12 hours remaining,True
toy-0105,toy-0105,invented-recurring,2025-04-16T18:00:00+00:00,2025-04-16T14:50:00+00:00,2025-04-16T14:58:00+00:00,2025-04-16T15:00:00+00:00,2025-04-17T06:00:00+00:00,-0.828408,3.0,0.479743,0,synthetic bulletin reports weakening conditions with 3 hours remaining,True
toy-0106,toy-0106,invented-recurring,2025-04-17T18:00:00+00:00,2025-04-17T05:50:00+00:00,2025-04-17T05:58:00+00:00,2025-04-17T06:00:00+00:00,2025-04-18T06:00:00+00:00,-0.078801,12.0,0.451877,1,synthetic bulletin reports mixed conditions with 12 hours remaining,True
toy-0106,toy-0106,invented-recurring,2025-04-17T18:00:00+00:00,2025-04-17T14:50:00+00:00,2025-04-17T14:58:00+00:00,2025-04-17T15:00:00+00:00,2025-04-18T06:00:00+00:00,0.931532,3.0,0.665445,1,synthetic bulletin reports improving conditions with 3 hours remaining,True
toy-0107,toy-0107,invented-recurring,2025-04-18T18:00:00+00:00,2025-04-18T05:50:00+00:00,2025-04-18T05:58:00+00:00,2025-04-18T06:00:00+00:00,2025-04-19T06:00:00+00:00,0.868847,12.0,0.604587,1,synthetic bulletin reports improving conditions with 12 hours remaining,True
toy-0107,toy-0107,invented-recurring,2025-04-18T18:00:00+00:00,2025-04-18T14:50:00+00:00,2025-04-18T14:58:00+00:00,2025-04-18T15:00:00+00:00,2025-04-19T06:00:00+00:00,-0.387069,3.0,0.391543,1,synthetic bulletin reports weakening conditions with 3 hours remaining,True
toy-0108,toy-0108,invented-recurring,2025-04-19T18:00:00+00:00,2025-04-19T05:50:00+00:00,2025-04-19T05:58:00+00:00,2025-04-19T06:00:00+00:00,2025-04-20T06:00:00+00:00,-1.548872,12.0,0.279374,0,synthetic bulletin reports weakening conditions with 12 hours remaining,True
toy-0108,toy-0108,invented-recurring,2025-04-19T18:00:00+00:00,2025-04-19T14:50:00+00:00,2025-04-19T14:58:00+00:00,2025-04-19T15:00:00+00:00,2025-04-20T06:00:00+00:00,-1.020122,3.0,0.405154,0,synthetic bulletin reports weakening conditions with 3 hours remaining,True
toy-0109,toy-0109,invented-recurring,2025-04-20T18:00:00+00:00,2025-04-20T05:50:00+00:00,2025-04-20T05:58:00+00:00,2025-04-20T06:00:00+00:00,2025-04-21T06:00:00+00:00,-0.140951,12.0,0.519954,0,synthetic bulletin reports mixed conditions with 12 hours remaining,True
toy-0109,toy-0109,invented-recurring,2025-04-20T18:00:00+00:00,2025-04-20T14:50:00+00:00,2025-04-20T14:58:00+00:00,2025-04-20T15:00:00+00:00,2025-04-21T06:00:00+00:00,-0.068758,3.0,0.44826,0,synthetic bulletin reports mixed conditions with 3 hours remaining,True
toy-0110,toy-0110,invented-recurring,2025-04-21T18:00:00+00:00,2025-04-21T05:50:00+00:00,2025-04-21T05:58:00+00:00,2025-04-21T06:00:00+00:00,2025-04-22T06:00:00+00:00,-0.602878,12.0,0.356705,0,synthetic bulletin reports weakening conditions with 12 hours remaining,True
toy-0110,toy-0110,invented-recurring,2025-04-21T18:00:00+00:00,2025-04-21T14:50:00+00:00,2025-04-21T14:58:00+00:00,2025-04-21T15:00:00+00:00,2025-04-22T06:00:00+00:00,-0.477433,3.0,0.394277,0,synthetic bulletin reports weakening conditions with 3 hours remaining,True
toy-0111,toy-0111,invented-recurring,2025-04-22T18:00:00+00:00,2025-04-22T05:50:00+00:00,2025-04-22T05:58:00+00:00,2025-04-22T06:00:00+00:00,2025-04-23T06:00:00+00:00,-0.382719,12.0,0.454529,1,synthetic bulletin reports weakening conditions with 12 hours remaining,True
toy-0111,toy-0111,invented-recurring,2025-04-22T18:00:00+00:00,2025-04-22T14:50:00+00:00,2025-04-22T14:58:00+00:00,2025-04-22T15:00:00+00:00,2025-04-23T06:00:00+00:00,-1.067494,3.0,0.349156,1,synthetic bulletin reports weakening conditions with 3 hours remaining,True
toy-0112,toy-0112,invented-recurring,2025-04-23T18:00:00+00:00,2025-04-23T05:50:00+00:00,2025-04-23T05:58:00+00:00,2025-04-23T06:00:00+00:00,2025-04-24T06:00:00+00:00,-0.763853,12.0,0.406424,0,synthetic bulletin reports weakening conditions with 12 hours remaining,True
toy-0112,toy-0112,invented-recurring,2025-04-23T18:00:00+00:00,2025-04-23T14:50:00+00:00,2025-04-23T14:58:00+00:00,2025-04-23T15:00:00+00:00,2025-04-24T06:00:00+00:00,-1.55343,3.0,0.384996,0,synthetic bulletin reports weakening conditions with 3 hours remaining,True
toy-0113,toy-0113,invented-recurring,2025-04-24T18:00:00+00:00,2025-04-24T05:50:00+00:00,2025-04-24T05:58:00+00:00,2025-04-24T06:00:00+00:00,2025-04-25T06:00:00+00:00,1.916647,12.0,0.744922,1,synthetic bulletin reports improving conditions with 12 hours remaining,True
toy-0113,toy-0113,invented-recurring,2025-04-24T18:00:00+00:00,2025-04-24T14:50:00+00:00,2025-04-24T14:58:00+00:00,2025-04-24T15:00:00+00:00,2025-04-25T06:00:00+00:00,1.080095,3.0,0.570262,1,synthetic bulletin reports improving conditions with 3 hours remaining,True
toy-0114,toy-0114,invented-recurring,2025-04-25T18:00:00+00:00,2025-04-25T05:50:00+00:00,2025-04-25T05:58:00+00:00,2025-04-25T06:00:00+00:00,2025-04-26T06:00:00+00:00,1.994568,12.0,0.644493,0,synthetic bulletin reports improving conditions with 12 hours remaining,True
toy-0114,toy-0114,invented-recurring,2025-04-25T18:00:00+00:00,2025-04-25T14:50:00+00:00,2025-04-25T14:58:00+00:00,2025-04-25T15:00:00+00:00,2025-04-26T06:00:00+00:00,1.093016,3.0,0.631995,0,synthetic bulletin reports improving conditions with 3 hours remaining,True
toy-0115,toy-0115,invented-recurring,2025-04-26T18:00:00+00:00,2025-04-26T05:50:00+00:00,2025-04-26T05:58:00+00:00,2025-04-26T06:00:00+00:00,2025-04-27T06:00:00+00:00,1.438027,12.0,0.661288,1,synthetic bulletin reports improving conditions with 12 hours remaining,True
toy-0115,toy-0115,invented-recurring,2025-04-26T18:00:00+00:00,2025-04-26T14:50:00+00:00,2025-04-26T14:58:00+00:00,2025-04-26T15:00:00+00:00,2025-04-27T06:00:00+00:00,0.061997,3.0,0.509147,1,synthetic bulletin reports mixed conditions with 3 hours remaining,True
toy-0116,toy-0116,invented-recurring,2025-04-27T18:00:00+00:00,2025-04-27T05:50:00+00:00,2025-04-27T05:58:00+00:00,2025-04-27T06:00:00+00:00,2025-04-28T06:00:00+00:00,-1.268643,12.0,0.343295,0,synthetic bulletin reports weakening conditions with 12 hours remaining,True
toy-0116,toy-0116,invented-recurring,2025-04-27T18:00:00+00:00,2025-04-27T14:50:00+00:00,2025-04-27T14:58:00+00:00,2025-04-27T15:00:00+00:00,2025-04-28T06:00:00+00:00,-1.167051,3.0,0.31573,0,synthetic bulletin reports weakening conditions with 3 hours remaining,True
toy-0117,toy-0117,invented-recurring,2025-04-28T18:00:00+00:00,2025-04-28T05:50:00+00:00,2025-04-28T05:58:00+00:00,2025-04-28T06:00:00+00:00,2025-04-29T06:00:00+00:00,-1.479083,12.0,0.335249,0,synthetic bulletin reports weakening conditions with 12 hours remaining,True
toy-0117,toy-0117,invented-recurring,2025-04-28T18:00:00+00:00,2025-04-28T14:50:00+00:00,2025-04-28T14:58:00+00:00,2025-04-28T15:00:00+00:00,2025-04-29T06:00:00+00:00,-1.456219,3.0,0.302852,0,synthetic bulletin reports weakening conditions with 3 hours remaining,True
toy-0118,toy-0118,invented-recurring,2025-04-29T18:00:00+00:00,2025-04-29T05:50:00+00:00,2025-04-29T05:58:00+00:00,2025-04-29T06:00:00+00:00,2025-04-30T06:00:00+00:00,2.265937,12.0,0.70595,1,synthetic bulletin reports improving conditions with 12 hours remaining,True
toy-0118,toy-0118,invented-recurring,2025-04-29T18:00:00+00:00,2025-04-29T14:50:00+00:00,2025-04-29T14:58:00+00:00,2025-04-29T15:00:00+00:00,2025-04-30T06:00:00+00:00,1.995313,3.0,0.747003,1,synthetic bulletin reports improving conditions with 3 hours remaining,True
toy-0119,toy-0119,invented-recurring,2025-04-30T18:00:00+00:00,2025-04-30T05:50:00+00:00,2025-04-30T05:58:00+00:00,2025-04-30T06:00:00+00:00,2025-05-01T06:00:00+00:00,0.024905,12.0,0.630664,1,synthetic bulletin reports mixed conditions with 12 hours remaining,True
toy-0119,toy-0119,invented-recurring,2025-04-30T18:00:00+00:00,2025-04-30T14:50:00+00:00,2025-04-30T14:58:00+00:00,2025-04-30T15:00:00+00:00,2025-05-01T06:00:00+00:00,-0.377401,3.0,0.446192,1,synthetic bulletin reports weakening conditions with 3 hours remaining,True
toy-0120,toy-0120,invented-recurring,2025-05-01T18:00:00+00:00,2025-05-01T05:50:00+00:00,2025-05-01T05:58:00+00:00,2025-05-01T06:00:00+00:00,2025-05-02T06:00:00+00:00,1.540493,12.0,0.572838,1,synthetic bulletin reports improving conditions with 12 hours remaining,True
toy-0120,toy-0120,invented-recurring,2025-05-01T18:00:00+00:00,2025-05-01T14:50:00+00:00,2025-05-01T14:58:00+00:00,2025-05-01T15:00:00+00:00,2025-05-02T06:00:00+00:00,1.106611,3.0,0.652749,1,synthetic bulletin reports improving conditions with 3 hours remaining,True
toy-0121,toy-0121,invented-recurring,2025-05-02T18:00:00+00:00,2025-05-02T05:50:00+00:00,2025-05-02T05:58:00+00:00,2025-05-02T06:00:00+00:00,2025-05-03T06:00:00+00:00,-0.046104,12.0,0.393031,0,synthetic bulletin reports mixed conditions with 12 hours remaining,True
toy-0121,toy-0121,invented-recurring,2025-05-02T18:00:00+00:00,2025-05-02T14:50:00+00:00,2025-05-02T14:58:00+00:00,2025-05-02T15:00:00+00:00,2025-05-03T06:00:00+00:00,0.33377,3.0,0.526336,0,synthetic bulletin reports improving conditions with 3 hours remaining,True
toy-0122,toy-0122,invented-recurring,2025-05-03T18:00:00+00:00,2025-05-03T05:50:00+00:00,2025-05-03T05:58:00+00:00,2025-05-03T06:00:00+00:00,2025-05-04T06:00:00+00:00,0.765162,12.0,0.623619,1,synthetic bulletin reports improving conditions with 12 hours remaining,True
toy-0122,toy-0122,invented-recurring,2025-05-03T18:00:00+00:00,2025-05-03T14:50:00+00:00,2025-05-03T14:58:00+00:00,2025-05-03T15:00:00+00:00,2025-05-04T06:00:00+00:00,1.145059,3.0,0.603709,1,synthetic bulletin reports improving conditions with 3 hours remaining,True
toy-0123,toy-0123,invented-recurring,2025-05-04T18:00:00+00:00,2025-05-04T05:50:00+00:00,2025-05-04T05:58:00+00:00,2025-05-04T06:00:00+00:00,2025-05-05T06:00:00+00:00,-1.187451,12.0,0.425606,1,synthetic bulletin reports weakening conditions with 12 hours remaining,True
toy-0123,toy-0123,invented-recurring,2025-05-04T18:00:00+00:00,2025-05-04T14:50:00+00:00,2025-05-04T14:58:00+00:00,2025-05-04T15:00:00+00:00,2025-05-05T06:00:00+00:00,-0.664955,3.0,0.419267,1,synthetic bulletin reports weakening conditions with 3 hours remaining,True
toy-0124,toy-0124,invented-recurring,2025-05-05T18:00:00+00:00,2025-05-05T05:50:00+00:00,2025-05-05T05:58:00+00:00,2025-05-05T06:00:00+00:00,2025-05-06T06:00:00+00:00,1.567821,12.0,0.808296,1,synthetic bulletin reports improving conditions with 12 hours remaining,True
toy-0124,toy-0124,invented-recurring,2025-05-05T18:00:00+00:00,2025-05-05T14:50:00+00:00,2025-05-05T14:58:00+00:00,2025-05-05T15:00:00+00:00,2025-05-06T06:00:00+00:00,1.547191,3.0,0.649135,1,synthetic bulletin reports improving conditions with 3 hours remaining,True
toy-0125,toy-0125,invented-recurring,2025-05-06T18:00:00+00:00,2025-05-06T05:50:00+00:00,2025-05-06T05:58:00+00:00,2025-05-06T06:00:00+00:00,2025-05-07T06:00:00+00:00,-0.542233,12.0,0.438668,0,synthetic bulletin reports weakening conditions with 12 hours remaining,True
toy-0125,toy-0125,invented-recurring,2025-05-06T18:00:00+00:00,2025-05-06T14:50:00+00:00,2025-05-06T14:58:00+00:00,2025-05-06T15:00:00+00:00,2025-05-07T06:00:00+00:00,0.254839,3.0,0.627602,0,synthetic bulletin reports mixed conditions with 3 hours remaining,True
toy-0126,toy-0126,invented-recurring,2025-05-07T18:00:00+00:00,2025-05-07T05:50:00+00:00,2025-05-07T05:58:00+00:00,2025-05-07T06:00:00+00:00,2025-05-08T06:00:00+00:00,-0.11857,12.0,0.481215,1,synthetic bulletin reports mixed conditions with 12 hours remaining,True
toy-0126,toy-0126,invented-recurring,2025-05-07T18:00:00+00:00,2025-05-07T14:50:00+00:00,2025-05-07T14:58:00+00:00,2025-05-07T15:00:00+00:00,2025-05-08T06:00:00+00:00,0.456274,3.0,0.587164,1,synthetic bulletin reports improving conditions with 3 hours remaining,True
toy-0127,toy-0127,invented-recurring,2025-05-08T18:00:00+00:00,2025-05-08T05:50:00+00:00,2025-05-08T05:58:00+00:00,2025-05-08T06:00:00+00:00,2025-05-09T06:00:00+00:00,0.798046,12.0,0.554999,1,synthetic bulletin reports improving conditions with 12 hours remaining,True
toy-0127,toy-0127,invented-recurring,2025-05-08T18:00:00+00:00,2025-05-08T14:50:00+00:00,2025-05-08T14:58:00+00:00,2025-05-08T15:00:00+00:00,2025-05-09T06:00:00+00:00,1.49933,3.0,0.699705,1,synthetic bulletin reports improving conditions with 3 hours remaining,True
toy-0128,toy-0128,invented-recurring,2025-05-09T18:00:00+00:00,2025-05-09T05:50:00+00:00,2025-05-09T05:58:00+00:00,2025-05-09T06:00:00+00:00,2025-05-10T06:00:00+00:00,0.877262,12.0,0.491014,1,synthetic bulletin reports improving conditions with 12 hours remaining,True
toy-0128,toy-0128,invented-recurring,2025-05-09T18:00:00+00:00,2025-05-09T14:50:00+00:00,2025-05-09T14:58:00+00:00,2025-05-09T15:00:00+00:00,2025-05-10T06:00:00+00:00,1.541159,3.0,0.626269,1,synthetic bulletin reports improving conditions with 3 hours remaining,True
toy-0129,toy-0129,invented-recurring,2025-05-10T18:00:00+00:00,2025-05-10T05:50:00+00:00,2025-05-10T05:58:00+00:00,2025-05-10T06:00:00+00:00,2025-05-11T06:00:00+00:00,0.494823,12.0,0.451526,0,synthetic bulletin reports improving conditions with 12 hours remaining,True
toy-0129,toy-0129,invented-recurring,2025-05-10T18:00:00+00:00,2025-05-10T14:50:00+00:00,2025-05-10T14:58:00+00:00,2025-05-10T15:00:00+00:00,2025-05-11T06:00:00+00:00,1.063626,3.0,0.54585,0,synthetic bulletin reports improving conditions with 3 hours remaining,True
toy-0130,toy-0130,invented-recurring,2025-05-11T18:00:00+00:00,2025-05-11T05:50:00+00:00,2025-05-11T05:58:00+00:00,2025-05-11T06:00:00+00:00,2025-05-12T06:00:00+00:00,0.71034,12.0,0.561201,1,synthetic bulletin reports improving conditions with 12 hours remaining,True
toy-0130,toy-0130,invented-recurring,2025-05-11T18:00:00+00:00,2025-05-11T14:50:00+00:00,2025-05-11T14:58:00+00:00,2025-05-11T15:00:00+00:00,2025-05-12T06:00:00+00:00,0.455917,3.0,0.496826,1,synthetic bulletin reports improving conditions with 3 hours remaining,True
toy-0131,toy-0131,invented-recurring,2025-05-12T18:00:00+00:00,2025-05-12T05:50:00+00:00,2025-05-12T05:58:00+00:00,2025-05-12T06:00:00+00:00,2025-05-13T06:00:00+00:00,1.861463,12.0,0.655395,1,synthetic bulletin reports improving conditions with 12 hours remaining,True
toy-0131,toy-0131,invented-recurring,2025-05-12T18:00:00+00:00,2025-05-12T14:50:00+00:00,2025-05-12T14:58:00+00:00,2025-05-12T15:00:00+00:00,2025-05-13T06:00:00+00:00,1.631566,3.0,0.783456,1,synthetic bulletin reports improving conditions with 3 hours remaining,True
toy-0132,toy-0132,invented-recurring,2025-05-13T18:00:00+00:00,2025-05-13T05:50:00+00:00,2025-05-13T05:58:00+00:00,2025-05-13T06:00:00+00:00,2025-05-14T06:00:00+00:00,-1.372288,12.0,0.362264,0,synthetic bulletin reports weakening conditions with 12 hours remaining,True
toy-0132,toy-0132,invented-recurring,2025-05-13T18:00:00+00:00,2025-05-13T14:50:00+00:00,2025-05-13T14:58:00+00:00,2025-05-13T15:00:00+00:00,2025-05-14T06:00:00+00:00,-0.70405,3.0,0.442628,0,synthetic bulletin reports weakening conditions with 3 hours remaining,True
toy-0133,toy-0133,invented-recurring,2025-05-14T18:00:00+00:00,2025-05-14T05:50:00+00:00,2025-05-14T05:58:00+00:00,2025-05-14T06:00:00+00:00,2025-05-15T06:00:00+00:00,1.019472,12.0,0.604489,1,synthetic bulletin reports improving conditions with 12 hours remaining,True
toy-0133,toy-0133,invented-recurring,2025-05-14T18:00:00+00:00,2025-05-14T14:50:00+00:00,2025-05-14T14:58:00+00:00,2025-05-14T15:00:00+00:00,2025-05-15T06:00:00+00:00,0.169062,3.0,0.474969,1,synthetic bulletin reports mixed conditions with 3 hours remaining,True
toy-0134,toy-0134,invented-recurring,2025-05-15T18:00:00+00:00,2025-05-15T05:50:00+00:00,2025-05-15T05:58:00+00:00,2025-05-15T06:00:00+00:00,2025-05-16T06:00:00+00:00,1.266195,12.0,0.657249,1,synthetic bulletin reports improving conditions with 12 hours remaining,True
toy-0134,toy-0134,invented-recurring,2025-05-15T18:00:00+00:00,2025-05-15T14:50:00+00:00,2025-05-15T14:58:00+00:00,2025-05-15T15:00:00+00:00,2025-05-16T06:00:00+00:00,0.862326,3.0,0.634862,1,synthetic bulletin reports improving conditions with 3 hours remaining,True
toy-0135,toy-0135,invented-recurring,2025-05-16T18:00:00+00:00,2025-05-16T05:50:00+00:00,2025-05-16T05:58:00+00:00,2025-05-16T06:00:00+00:00,2025-05-17T06:00:00+00:00,-1.40373,12.0,0.456776,0,synthetic bulletin reports weakening conditions with 12 hours remaining,True
toy-0135,toy-0135,invented-recurring,2025-05-16T18:00:00+00:00,2025-05-16T14:50:00+00:00,2025-05-16T14:58:00+00:00,2025-05-16T15:00:00+00:00,2025-05-17T06:00:00+00:00,-1.561439,3.0,0.339652,0,synthetic bulletin reports weakening conditions with 3 hours remaining,True
toy-0136,toy-0136,invented-recurring,2025-05-17T18:00:00+00:00,2025-05-17T05:50:00+00:00,2025-05-17T05:58:00+00:00,2025-05-17T06:00:00+00:00,2025-05-18T06:00:00+00:00,-0.183861,12.0,0.557749,1,synthetic bulletin reports mixed conditions with 12 hours remaining,True
toy-0136,toy-0136,invented-recurring,2025-05-17T18:00:00+00:00,2025-05-17T14:50:00+00:00,2025-05-17T14:58:00+00:00,2025-05-17T15:00:00+00:00,2025-05-18T06:00:00+00:00,-0.69936,3.0,0.4529,1,synthetic bulletin reports weakening conditions with 3 hours remaining,True
toy-0137,toy-0137,invented-recurring,2025-05-18T18:00:00+00:00,2025-05-18T05:50:00+00:00,2025-05-18T05:58:00+00:00,2025-05-18T06:00:00+00:00,2025-05-19T06:00:00+00:00,1.453302,12.0,0.619995,1,synthetic bulletin reports improving conditions with 12 hours remaining,True
toy-0137,toy-0137,invented-recurring,2025-05-18T18:00:00+00:00,2025-05-18T14:50:00+00:00,2025-05-18T14:58:00+00:00,2025-05-18T15:00:00+00:00,2025-05-19T06:00:00+00:00,0.939655,3.0,0.623499,1,synthetic bulletin reports improving conditions with 3 hours remaining,True
toy-0138,toy-0138,invented-recurring,2025-05-19T18:00:00+00:00,2025-05-19T05:50:00+00:00,2025-05-19T05:58:00+00:00,2025-05-19T06:00:00+00:00,2025-05-20T06:00:00+00:00,1.241837,12.0,0.591545,0,synthetic bulletin reports improving conditions with 12 hours remaining,True
toy-0138,toy-0138,invented-recurring,2025-05-19T18:00:00+00:00,2025-05-19T14:50:00+00:00,2025-05-19T14:58:00+00:00,2025-05-19T15:00:00+00:00,2025-05-20T06:00:00+00:00,0.486234,3.0,0.538964,0,synthetic bulletin reports improving conditions with 3 hours remaining,True
toy-0139,toy-0139,invented-recurring,2025-05-20T18:00:00+00:00,2025-05-20T05:50:00+00:00,2025-05-20T05:58:00+00:00,2025-05-20T06:00:00+00:00,2025-05-21T06:00:00+00:00,-0.692979,12.0,0.36012,0,synthetic bulletin reports weakening conditions with 12 hours remaining,True
toy-0139,toy-0139,invented-recurring,2025-05-20T18:00:00+00:00,2025-05-20T14:50:00+00:00,2025-05-20T14:58:00+00:00,2025-05-20T15:00:00+00:00,2025-05-21T06:00:00+00:00,-0.549104,3.0,0.457004,0,synthetic bulletin reports weakening conditions with 3 hours remaining,True
toy-0140,toy-0140,invented-recurring,2025-05-21T18:00:00+00:00,2025-05-21T05:50:00+00:00,2025-05-21T05:58:00+00:00,2025-05-21T06:00:00+00:00,2025-05-22T06:00:00+00:00,1.317513,12.0,0.679419,0,synthetic bulletin reports improving conditions with 12 hours remaining,True
toy-0140,toy-0140,invented-recurring,2025-05-21T18:00:00+00:00,2025-05-21T14:50:00+00:00,2025-05-21T14:58:00+00:00,2025-05-21T15:00:00+00:00,2025-05-22T06:00:00+00:00,-0.219737,3.0,0.454588,0,synthetic bulletin reports mixed conditions with 3 hours remaining,True
toy-0141,toy-0141,invented-recurring,2025-05-22T18:00:00+00:00,2025-05-22T05:50:00+00:00,2025-05-22T05:58:00+00:00,2025-05-22T06:00:00+00:00,2025-05-23T06:00:00+00:00,1.473061,12.0,0.692733,1,synthetic bulletin reports improving conditions with 12 hours remaining,True
toy-0141,toy-0141,invented-recurring,2025-05-22T18:00:00+00:00,2025-05-22T14:50:00+00:00,2025-05-22T14:58:00+00:00,2025-05-22T15:00:00+00:00,2025-05-23T06:00:00+00:00,1.77312,3.0,0.665985,1,synthetic bulletin reports improving conditions with 3 hours remaining,True
toy-0142,toy-0142,invented-recurring,2025-05-23T18:00:00+00:00,2025-05-23T05:50:00+00:00,2025-05-23T05:58:00+00:00,2025-05-23T06:00:00+00:00,2025-05-24T06:00:00+00:00,0.773512,12.0,0.585303,1,synthetic bulletin reports improving conditions with 12 hours remaining,True
toy-0142,toy-0142,invented-recurring,2025-05-23T18:00:00+00:00,2025-05-23T14:50:00+00:00,2025-05-23T14:58:00+00:00,2025-05-23T15:00:00+00:00,2025-05-24T06:00:00+00:00,-0.40172,3.0,0.46244,1,synthetic bulletin reports weakening conditions with 3 hours remaining,True
toy-0143,toy-0143,invented-recurring,2025-05-24T18:00:00+00:00,2025-05-24T05:50:00+00:00,2025-05-24T05:58:00+00:00,2025-05-24T06:00:00+00:00,2025-05-25T06:00:00+00:00,1.55466,12.0,0.639026,1,synthetic bulletin reports improving conditions with 12 hours remaining,True
toy-0143,toy-0143,invented-recurring,2025-05-24T18:00:00+00:00,2025-05-24T14:50:00+00:00,2025-05-24T14:58:00+00:00,2025-05-24T15:00:00+00:00,2025-05-25T06:00:00+00:00,0.253264,3.0,0.541568,1,synthetic bulletin reports mixed conditions with 3 hours remaining,True
toy-0144,toy-0144,invented-recurring,2025-05-25T18:00:00+00:00,2025-05-25T05:50:00+00:00,2025-05-25T05:58:00+00:00,2025-05-25T06:00:00+00:00,2025-05-26T06:00:00+00:00,0.839674,12.0,0.529142,1,synthetic bulletin reports improving conditions with 12 hours remaining,True
toy-0144,toy-0144,invented-recurring,2025-05-25T18:00:00+00:00,2025-05-25T14:50:00+00:00,2025-05-25T14:58:00+00:00,2025-05-25T15:00:00+00:00,2025-05-26T06:00:00+00:00,1.4061,3.0,0.676316,1,synthetic bulletin reports improving conditions with 3 hours remaining,True
toy-0145,toy-0145,invented-recurring,2025-05-26T18:00:00+00:00,2025-05-26T05:50:00+00:00,2025-05-26T05:58:00+00:00,2025-05-26T06:00:00+00:00,2025-05-27T06:00:00+00:00,0.183746,12.0,0.558348,0,synthetic bulletin reports mixed conditions with 12 hours remaining,True
toy-0145,toy-0145,invented-recurring,2025-05-26T18:00:00+00:00,2025-05-26T14:50:00+00:00,2025-05-26T14:58:00+00:00,2025-05-26T15:00:00+00:00,2025-05-27T06:00:00+00:00,0.075998,3.0,0.477438,0,synthetic bulletin reports mixed conditions with 3 hours remaining,True
toy-0146,toy-0146,invented-recurring,2025-05-27T18:00:00+00:00,2025-05-27T05:50:00+00:00,2025-05-27T05:58:00+00:00,2025-05-27T06:00:00+00:00,2025-05-28T06:00:00+00:00,0.589485,12.0,0.543517,1,synthetic bulletin reports improving conditions with 12 hours remaining,True
toy-0146,toy-0146,invented-recurring,2025-05-27T18:00:00+00:00,2025-05-27T14:50:00+00:00,2025-05-27T14:58:00+00:00,2025-05-27T15:00:00+00:00,2025-05-28T06:00:00+00:00,-0.394617,3.0,0.508223,1,synthetic bulletin reports weakening conditions with 3 hours remaining,True
toy-0147,toy-0147,invented-recurring,2025-05-28T18:00:00+00:00,2025-05-28T05:50:00+00:00,2025-05-28T05:58:00+00:00,2025-05-28T06:00:00+00:00,2025-05-29T06:00:00+00:00,-1.889355,12.0,0.25591,0,synthetic bulletin reports weakening conditions with 12 hours remaining,True
toy-0147,toy-0147,invented-recurring,2025-05-28T18:00:00+00:00,2025-05-28T14:50:00+00:00,2025-05-28T14:58:00+00:00,2025-05-28T15:00:00+00:00,2025-05-29T06:00:00+00:00,-1.545177,3.0,0.362375,0,synthetic bulletin reports weakening conditions with 3 hours remaining,True
toy-0148,toy-0148,invented-recurring,2025-05-29T18:00:00+00:00,2025-05-29T05:50:00+00:00,2025-05-29T05:58:00+00:00,2025-05-29T06:00:00+00:00,2025-05-30T06:00:00+00:00,1.722316,12.0,0.668693,1,synthetic bulletin reports improving conditions with 12 hours remaining,True
toy-0148,toy-0148,invented-recurring,2025-05-29T18:00:00+00:00,2025-05-29T14:50:00+00:00,2025-05-29T14:58:00+00:00,2025-05-29T15:00:00+00:00,2025-05-30T06:00:00+00:00,0.047625,3.0,0.570643,1,synthetic bulletin reports mixed conditions with 3 hours remaining,True
toy-0149,toy-0149,invented-recurring,2025-05-30T18:00:00+00:00,2025-05-30T05:50:00+00:00,2025-05-30T05:58:00+00:00,2025-05-30T06:00:00+00:00,2025-05-31T06:00:00+00:00,-0.599876,12.0,0.434233,1,synthetic bulletin reports weakening conditions with 12 hours remaining,True
toy-0149,toy-0149,invented-recurring,2025-05-30T18:00:00+00:00,2025-05-30T14:50:00+00:00,2025-05-30T14:58:00+00:00,2025-05-30T15:00:00+00:00,2025-05-31T06:00:00+00:00,-0.787461,3.0,0.487374,1,synthetic bulletin reports weakening conditions with 3 hours remaining,True
toy-0150,toy-0150,invented-recurring,2025-05-31T18:00:00+00:00,2025-05-31T05:50:00+00:00,2025-05-31T05:58:00+00:00,2025-05-31T06:00:00+00:00,2025-06-01T06:00:00+00:00,0.517154,12.0,0.543823,1,synthetic bulletin reports improving conditions with 12 hours remaining,True
toy-0150,toy-0150,invented-recurring,2025-05-31T18:00:00+00:00,2025-05-31T14:50:00+00:00,2025-05-31T14:58:00+00:00,2025-05-31T15:00:00+00:00,2025-06-01T06:00:00+00:00,0.444396,3.0,0.536874,1,synthetic bulletin reports improving conditions with 3 hours remaining,True
toy-0151,toy-0151,invented-recurring,2025-06-01T18:00:00+00:00,2025-06-01T05:50:00+00:00,2025-06-01T05:58:00+00:00,2025-06-01T06:00:00+00:00,2025-06-02T06:00:00+00:00,0.881654,12.0,0.633828,1,synthetic bulletin reports improving conditions with 12 hours remaining,True
toy-0151,toy-0151,invented-recurring,2025-06-01T18:00:00+00:00,2025-06-01T14:50:00+00:00,2025-06-01T14:58:00+00:00,2025-06-01T15:00:00+00:00,2025-06-02T06:00:00+00:00,1.183162,3.0,0.740812,1,synthetic bulletin reports improving conditions with 3 hours remaining,True
toy-0152,toy-0152,invented-recurring,2025-06-02T18:00:00+00:00,2025-06-02T05:50:00+00:00,2025-06-02T05:58:00+00:00,2025-06-02T06:00:00+00:00,2025-06-03T06:00:00+00:00,1.653345,12.0,0.579632,1,synthetic bulletin reports improving conditions with 12 hours remaining,True
toy-0152,toy-0152,invented-recurring,2025-06-02T18:00:00+00:00,2025-06-02T14:50:00+00:00,2025-06-02T14:58:00+00:00,2025-06-02T15:00:00+00:00,2025-06-03T06:00:00+00:00,1.635294,3.0,0.664643,1,synthetic bulletin reports improving conditions with 3 hours remaining,True
toy-0153,toy-0153,invented-recurring,2025-06-03T18:00:00+00:00,2025-06-03T05:50:00+00:00,2025-06-03T05:58:00+00:00,2025-06-03T06:00:00+00:00,2025-06-04T06:00:00+00:00,-0.293027,12.0,0.549369,1,synthetic bulletin reports mixed conditions with 12 hours remaining,True
toy-0153,toy-0153,invented-recurring,2025-06-03T18:00:00+00:00,2025-06-03T14:50:00+00:00,2025-06-03T14:58:00+00:00,2025-06-03T15:00:00+00:00,2025-06-04T06:00:00+00:00,-0.420991,3.0,0.477766,1,synthetic bulletin reports weakening conditions with 3 hours remaining,True
toy-0154,toy-0154,invented-recurring,2025-06-04T18:00:00+00:00,2025-06-04T05:50:00+00:00,2025-06-04T05:58:00+00:00,2025-06-04T06:00:00+00:00,2025-06-05T06:00:00+00:00,-0.707341,12.0,0.552461,0,synthetic bulletin reports weakening conditions with 12 hours remaining,True
toy-0154,toy-0154,invented-recurring,2025-06-04T18:00:00+00:00,2025-06-04T14:50:00+00:00,2025-06-04T14:58:00+00:00,2025-06-04T15:00:00+00:00,2025-06-05T06:00:00+00:00,-0.863424,3.0,0.397406,0,synthetic bulletin reports weakening conditions with 3 hours remaining,True
toy-0155,toy-0155,invented-recurring,2025-06-05T18:00:00+00:00,2025-06-05T05:50:00+00:00,2025-06-05T05:58:00+00:00,2025-06-05T06:00:00+00:00,2025-06-06T06:00:00+00:00,-1.937524,12.0,0.21153,0,synthetic bulletin reports weakening conditions with 12 hours remaining,True
toy-0155,toy-0155,invented-recurring,2025-06-05T18:00:00+00:00,2025-06-05T14:50:00+00:00,2025-06-05T14:58:00+00:00,2025-06-05T15:00:00+00:00,2025-06-06T06:00:00+00:00,-1.209086,3.0,0.308657,0,synthetic bulletin reports weakening conditions with 3 hours remaining,True
toy-0156,toy-0156,invented-recurring,2025-06-06T18:00:00+00:00,2025-06-06T05:50:00+00:00,2025-06-06T05:58:00+00:00,2025-06-06T06:00:00+00:00,2025-06-07T06:00:00+00:00,0.785017,12.0,0.589089,0,synthetic bulletin reports improving conditions with 12 hours remaining,True
toy-0156,toy-0156,invented-recurring,2025-06-06T18:00:00+00:00,2025-06-06T14:50:00+00:00,2025-06-06T14:58:00+00:00,2025-06-06T15:00:00+00:00,2025-06-07T06:00:00+00:00,-0.750063,3.0,0.424802,0,synthetic bulletin reports weakening conditions with 3 hours remaining,True
toy-0157,toy-0157,invented-recurring,2025-06-07T18:00:00+00:00,2025-06-07T05:50:00+00:00,2025-06-07T05:58:00+00:00,2025-06-07T06:00:00+00:00,2025-06-08T06:00:00+00:00,1.313163,12.0,0.556374,1,synthetic bulletin reports improving conditions with 12 hours remaining,True
toy-0157,toy-0157,invented-recurring,2025-06-07T18:00:00+00:00,2025-06-07T14:50:00+00:00,2025-06-07T14:58:00+00:00,2025-06-07T15:00:00+00:00,2025-06-08T06:00:00+00:00,0.786198,3.0,0.641045,1,synthetic bulletin reports improving conditions with 3 hours remaining,True
toy-0158,toy-0158,invented-recurring,2025-06-08T18:00:00+00:00,2025-06-08T05:50:00+00:00,2025-06-08T05:58:00+00:00,2025-06-08T06:00:00+00:00,2025-06-09T06:00:00+00:00,-1.499099,12.0,0.308954,0,synthetic bulletin reports weakening conditions with 12 hours remaining,True
toy-0158,toy-0158,invented-recurring,2025-06-08T18:00:00+00:00,2025-06-08T14:50:00+00:00,2025-06-08T14:58:00+00:00,2025-06-08T15:00:00+00:00,2025-06-09T06:00:00+00:00,-0.503971,3.0,0.297807,0,synthetic bulletin reports weakening conditions with 3 hours remaining,True
toy-0159,toy-0159,invented-recurring,2025-06-09T18:00:00+00:00,2025-06-09T05:50:00+00:00,2025-06-09T05:58:00+00:00,2025-06-09T06:00:00+00:00,2025-06-10T06:00:00+00:00,-1.232496,12.0,0.428645,0,synthetic bulletin reports weakening conditions with 12 hours remaining,True
toy-0159,toy-0159,invented-recurring,2025-06-09T18:00:00+00:00,2025-06-09T14:50:00+00:00,2025-06-09T14:58:00+00:00,2025-06-09T15:00:00+00:00,2025-06-10T06:00:00+00:00,-1.792973,3.0,0.378153,0,synthetic bulletin reports weakening conditions with 3 hours remaining,True
toy-0160,toy-0160,invented-recurring,2025-06-10T18:00:00+00:00,2025-06-10T05:50:00+00:00,2025-06-10T05:58:00+00:00,2025-06-10T06:00:00+00:00,2025-06-11T06:00:00+00:00,1.010587,12.0,0.649313,1,synthetic bulletin reports improving conditions with 12 hours remaining,True
toy-0160,toy-0160,invented-recurring,2025-06-10T18:00:00+00:00,2025-06-10T14:50:00+00:00,2025-06-10T14:58:00+00:00,2025-06-10T15:00:00+00:00,2025-06-11T06:00:00+00:00,0.979982,3.0,0.510657,1,synthetic bulletin reports improving conditions with 3 hours remaining,True
toy-0161,toy-0161,invented-recurring,2025-06-11T18:00:00+00:00,2025-06-11T05:50:00+00:00,2025-06-11T05:58:00+00:00,2025-06-11T06:00:00+00:00,2025-06-12T06:00:00+00:00,-1.276778,12.0,0.384337,0,synthetic bulletin reports weakening conditions with 12 hours remaining,True
toy-0161,toy-0161,invented-recurring,2025-06-11T18:00:00+00:00,2025-06-11T14:50:00+00:00,2025-06-11T14:58:00+00:00,2025-06-11T15:00:00+00:00,2025-06-12T06:00:00+00:00,-0.940304,3.0,0.397502,0,synthetic bulletin reports weakening conditions with 3 hours remaining,True
toy-0162,toy-0162,invented-recurring,2025-06-12T18:00:00+00:00,2025-06-12T05:50:00+00:00,2025-06-12T05:58:00+00:00,2025-06-12T06:00:00+00:00,2025-06-13T06:00:00+00:00,0.818306,12.0,0.616748,0,synthetic bulletin reports improving conditions with 12 hours remaining,True
toy-0162,toy-0162,invented-recurring,2025-06-12T18:00:00+00:00,2025-06-12T14:50:00+00:00,2025-06-12T14:58:00+00:00,2025-06-12T15:00:00+00:00,2025-06-13T06:00:00+00:00,-0.357556,3.0,0.457253,0,synthetic bulletin reports weakening conditions with 3 hours remaining,True
toy-0163,toy-0163,invented-recurring,2025-06-13T18:00:00+00:00,2025-06-13T05:50:00+00:00,2025-06-13T05:58:00+00:00,2025-06-13T06:00:00+00:00,2025-06-14T06:00:00+00:00,-1.76362,12.0,0.24851,1,synthetic bulletin reports weakening conditions with 12 hours remaining,True
toy-0163,toy-0163,invented-recurring,2025-06-13T18:00:00+00:00,2025-06-13T14:50:00+00:00,2025-06-13T14:58:00+00:00,2025-06-13T15:00:00+00:00,2025-06-14T06:00:00+00:00,-1.331884,3.0,0.281595,1,synthetic bulletin reports weakening conditions with 3 hours remaining,True
toy-0164,toy-0164,invented-recurring,2025-06-14T18:00:00+00:00,2025-06-14T05:50:00+00:00,2025-06-14T05:58:00+00:00,2025-06-14T06:00:00+00:00,2025-06-15T06:00:00+00:00,-0.016136,12.0,0.582531,0,synthetic bulletin reports mixed conditions with 12 hours remaining,True
toy-0164,toy-0164,invented-recurring,2025-06-14T18:00:00+00:00,2025-06-14T14:50:00+00:00,2025-06-14T14:58:00+00:00,2025-06-14T15:00:00+00:00,2025-06-15T06:00:00+00:00,-0.322829,3.0,0.439599,0,synthetic bulletin reports weakening conditions with 3 hours remaining,True
toy-0165,toy-0165,invented-recurring,2025-06-15T18:00:00+00:00,2025-06-15T05:50:00+00:00,2025-06-15T05:58:00+00:00,2025-06-15T06:00:00+00:00,2025-06-16T06:00:00+00:00,-0.191581,12.0,0.374242,1,synthetic bulletin reports mixed conditions with 12 hours remaining,True
toy-0165,toy-0165,invented-recurring,2025-06-15T18:00:00+00:00,2025-06-15T14:50:00+00:00,2025-06-15T14:58:00+00:00,2025-06-15T15:00:00+00:00,2025-06-16T06:00:00+00:00,-0.487584,3.0,0.484852,1,synthetic bulletin reports weakening conditions with 3 hours remaining,True
toy-0166,toy-0166,invented-recurring,2025-06-16T18:00:00+00:00,2025-06-16T05:50:00+00:00,2025-06-16T05:58:00+00:00,2025-06-16T06:00:00+00:00,2025-06-17T06:00:00+00:00,-0.679877,12.0,0.518387,1,synthetic bulletin reports weakening conditions with 12 hours remaining,True
toy-0166,toy-0166,invented-recurring,2025-06-16T18:00:00+00:00,2025-06-16T14:50:00+00:00,2025-06-16T14:58:00+00:00,2025-06-16T15:00:00+00:00,2025-06-17T06:00:00+00:00,-0.842199,3.0,0.416465,1,synthetic bulletin reports weakening conditions with 3 hours remaining,True
toy-0167,toy-0167,invented-recurring,2025-06-17T18:00:00+00:00,2025-06-17T05:50:00+00:00,2025-06-17T05:58:00+00:00,2025-06-17T06:00:00+00:00,2025-06-18T06:00:00+00:00,-1.215941,12.0,0.361275,0,synthetic bulletin reports weakening conditions with 12 hours remaining,True
toy-0167,toy-0167,invented-recurring,2025-06-17T18:00:00+00:00,2025-06-17T14:50:00+00:00,2025-06-17T14:58:00+00:00,2025-06-17T15:00:00+00:00,2025-06-18T06:00:00+00:00,-1.189075,3.0,0.4228,0,synthetic bulletin reports weakening conditions with 3 hours remaining,True
toy-0168,toy-0168,invented-recurring,2025-06-18T18:00:00+00:00,2025-06-18T05:50:00+00:00,2025-06-18T05:58:00+00:00,2025-06-18T06:00:00+00:00,2025-06-19T06:00:00+00:00,0.130792,12.0,0.451892,0,synthetic bulletin reports mixed conditions with 12 hours remaining,True
toy-0168,toy-0168,invented-recurring,2025-06-18T18:00:00+00:00,2025-06-18T14:50:00+00:00,2025-06-18T14:58:00+00:00,2025-06-18T15:00:00+00:00,2025-06-19T06:00:00+00:00,-0.027867,3.0,0.441582,0,synthetic bulletin reports mixed conditions with 3 hours remaining,True
toy-0169,toy-0169,invented-recurring,2025-06-19T18:00:00+00:00,2025-06-19T05:50:00+00:00,2025-06-19T05:58:00+00:00,2025-06-19T06:00:00+00:00,2025-06-20T06:00:00+00:00,0.659331,12.0,0.61271,1,synthetic bulletin reports improving conditions with 12 hours remaining,True
toy-0169,toy-0169,invented-recurring,2025-06-19T18:00:00+00:00,2025-06-19T14:50:00+00:00,2025-06-19T14:58:00+00:00,2025-06-19T15:00:00+00:00,2025-06-20T06:00:00+00:00,0.842245,3.0,0.589732,1,synthetic bulletin reports improving conditions with 3 hours remaining,True
toy-0170,toy-0170,invented-recurring,2025-06-20T18:00:00+00:00,2025-06-20T05:50:00+00:00,2025-06-20T05:58:00+00:00,2025-06-20T06:00:00+00:00,2025-06-21T06:00:00+00:00,-0.92749,12.0,0.322332,0,synthetic bulletin reports weakening conditions with 12 hours remaining,True
toy-0170,toy-0170,invented-recurring,2025-06-20T18:00:00+00:00,2025-06-20T14:50:00+00:00,2025-06-20T14:58:00+00:00,2025-06-20T15:00:00+00:00,2025-06-21T06:00:00+00:00,-1.634511,3.0,0.480025,0,synthetic bulletin reports weakening conditions with 3 hours remaining,True
toy-0171,toy-0171,invented-recurring,2025-06-21T18:00:00+00:00,2025-06-21T05:50:00+00:00,2025-06-21T05:58:00+00:00,2025-06-21T06:00:00+00:00,2025-06-22T06:00:00+00:00,-0.0398,12.0,0.502563,0,synthetic bulletin reports mixed conditions with 12 hours remaining,True
toy-0171,toy-0171,invented-recurring,2025-06-21T18:00:00+00:00,2025-06-21T14:50:00+00:00,2025-06-21T14:58:00+00:00,2025-06-21T15:00:00+00:00,2025-06-22T06:00:00+00:00,-0.080724,3.0,0.458973,0,synthetic bulletin reports mixed conditions with 3 hours remaining,True
toy-0172,toy-0172,invented-recurring,2025-06-22T18:00:00+00:00,2025-06-22T05:50:00+00:00,2025-06-22T05:58:00+00:00,2025-06-22T06:00:00+00:00,2025-06-23T06:00:00+00:00,-0.134997,12.0,0.60818,0,synthetic bulletin reports mixed conditions with 12 hours remaining,True
toy-0172,toy-0172,invented-recurring,2025-06-22T18:00:00+00:00,2025-06-22T14:50:00+00:00,2025-06-22T14:58:00+00:00,2025-06-22T15:00:00+00:00,2025-06-23T06:00:00+00:00,-0.751309,3.0,0.470518,0,synthetic bulletin reports weakening conditions with 3 hours remaining,True
toy-0173,toy-0173,invented-recurring,2025-06-23T18:00:00+00:00,2025-06-23T05:50:00+00:00,2025-06-23T05:58:00+00:00,2025-06-23T06:00:00+00:00,2025-06-24T06:00:00+00:00,-2.617602,12.0,0.150756,1,synthetic bulletin reports weakening conditions with 12 hours remaining,True
toy-0173,toy-0173,invented-recurring,2025-06-23T18:00:00+00:00,2025-06-23T14:50:00+00:00,2025-06-23T14:58:00+00:00,2025-06-23T15:00:00+00:00,2025-06-24T06:00:00+00:00,-1.856166,3.0,0.332782,1,synthetic bulletin reports weakening conditions with 3 hours remaining,True
toy-0174,toy-0174,invented-recurring,2025-06-24T18:00:00+00:00,2025-06-24T05:50:00+00:00,2025-06-24T05:58:00+00:00,2025-06-24T06:00:00+00:00,2025-06-25T06:00:00+00:00,-1.092629,12.0,0.454388,0,synthetic bulletin reports weakening conditions with 12 hours remaining,True
toy-0174,toy-0174,invented-recurring,2025-06-24T18:00:00+00:00,2025-06-24T14:50:00+00:00,2025-06-24T14:58:00+00:00,2025-06-24T15:00:00+00:00,2025-06-25T06:00:00+00:00,-1.353307,3.0,0.385546,0,synthetic bulletin reports weakening conditions with 3 hours remaining,True
toy-0175,toy-0175,invented-recurring,2025-06-25T18:00:00+00:00,2025-06-25T05:50:00+00:00,2025-06-25T05:58:00+00:00,2025-06-25T06:00:00+00:00,2025-06-26T06:00:00+00:00,0.673537,12.0,0.642937,1,synthetic bulletin reports improving conditions with 12 hours remaining,True
toy-0175,toy-0175,invented-recurring,2025-06-25T18:00:00+00:00,2025-06-25T14:50:00+00:00,2025-06-25T14:58:00+00:00,2025-06-25T15:00:00+00:00,2025-06-26T06:00:00+00:00,0.400288,3.0,0.514954,1,synthetic bulletin reports improving conditions with 3 hours remaining,True
toy-0176,toy-0176,invented-recurring,2025-06-26T18:00:00+00:00,2025-06-26T05:50:00+00:00,2025-06-26T05:58:00+00:00,2025-06-26T06:00:00+00:00,2025-06-27T06:00:00+00:00,1.637164,12.0,0.76716,1,synthetic bulletin reports improving conditions with 12 hours remaining,True
toy-0176,toy-0176,invented-recurring,2025-06-26T18:00:00+00:00,2025-06-26T14:50:00+00:00,2025-06-26T14:58:00+00:00,2025-06-26T15:00:00+00:00,2025-06-27T06:00:00+00:00,-0.023922,3.0,0.479413,1,synthetic bulletin reports mixed conditions with 3 hours remaining,True
toy-0177,toy-0177,invented-recurring,2025-06-27T18:00:00+00:00,2025-06-27T05:50:00+00:00,2025-06-27T05:58:00+00:00,2025-06-27T06:00:00+00:00,2025-06-28T06:00:00+00:00,-1.015024,12.0,0.36661,0,synthetic bulletin reports weakening conditions with 12 hours remaining,True
toy-0177,toy-0177,invented-recurring,2025-06-27T18:00:00+00:00,2025-06-27T14:50:00+00:00,2025-06-27T14:58:00+00:00,2025-06-27T15:00:00+00:00,2025-06-28T06:00:00+00:00,-0.632667,3.0,0.430642,0,synthetic bulletin reports weakening conditions with 3 hours remaining,True
toy-0178,toy-0178,invented-recurring,2025-06-28T18:00:00+00:00,2025-06-28T05:50:00+00:00,2025-06-28T05:58:00+00:00,2025-06-28T06:00:00+00:00,2025-06-29T06:00:00+00:00,0.833784,12.0,0.517717,1,synthetic bulletin reports improving conditions with 12 hours remaining,True
toy-0178,toy-0178,invented-recurring,2025-06-28T18:00:00+00:00,2025-06-28T14:50:00+00:00,2025-06-28T14:58:00+00:00,2025-06-28T15:00:00+00:00,2025-06-29T06:00:00+00:00,-0.14838,3.0,0.585588,1,synthetic bulletin reports mixed conditions with 3 hours remaining,True
toy-0179,toy-0179,invented-recurring,2025-06-29T18:00:00+00:00,2025-06-29T05:50:00+00:00,2025-06-29T05:58:00+00:00,2025-06-29T06:00:00+00:00,2025-06-30T06:00:00+00:00,0.357084,12.0,0.506063,1,synthetic bulletin reports improving conditions with 12 hours remaining,True
toy-0179,toy-0179,invented-recurring,2025-06-29T18:00:00+00:00,2025-06-29T14:50:00+00:00,2025-06-29T14:58:00+00:00,2025-06-29T15:00:00+00:00,2025-06-30T06:00:00+00:00,0.763173,3.0,0.48626,1,synthetic bulletin reports improving conditions with 3 hours remaining,True
